backup_seq,system_cd,system_nm,backup_dt,backup_type,backup_status,yn_restore_test,file_size_gb
1,CRED,신용평가시스템,2025-11-01 02:08:00,incremental,S,,2.13
2,CRED,신용평가시스템,2025-11-02 02:33:00,full,S,Y,6.41
3,CRED,신용평가시스템,2025-11-03 02:13:00,incremental,S,,1.06
4,CRED,신용평가시스템,2025-11-04 02:58:00,incremental,S,,1.69
5,CRED,신용평가시스템,2025-11-05 02:02:00,incremental,S,,1.69
6,CRED,신용평가시스템,2025-11-06 02:46:00,incremental,S,,2.65
7,CRED,신용평가시스템,2025-11-07 02:04:00,incremental,S,,3.49
8,CRED,신용평가시스템,2025-11-08 02:14:00,incremental,S,,1.42
9,CRED,신용평가시스템,2025-11-09 02:38:00,full,S,N,41.71
10,CRED,신용평가시스템,2025-11-10 02:46:00,incremental,F,,3.55
11,CRED,신용평가시스템,2025-11-11 02:43:00,incremental,S,,1.78
12,CRED,신용평가시스템,2025-11-12 02:20:00,incremental,S,,2.07
13,CRED,신용평가시스템,2025-11-13 02:57:00,incremental,S,,3.85
14,CRED,신용평가시스템,2025-11-14 02:44:00,incremental,S,,3.33
15,CRED,신용평가시스템,2025-11-15 02:54:00,incremental,S,,1.64
16,CRED,신용평가시스템,2025-11-16 02:47:00,full,S,Y,45.74
17,CRED,신용평가시스템,2025-11-17 02:12:00,incremental,S,,3.64
18,CRED,신용평가시스템,2025-11-18 02:21:00,incremental,S,,3.51
19,CRED,신용평가시스템,2025-11-19 02:48:00,incremental,S,,3.45
20,CRED,신용평가시스템,2025-11-20 02:53:00,incremental,S,,2.91
21,CRED,신용평가시스템,2025-11-21 02:47:00,incremental,S,,3.94
22,CRED,신용평가시스템,2025-11-22 02:08:00,incremental,S,,2.16
23,CRED,신용평가시스템,2025-11-23 02:19:00,full,S,Y,42.65
24,CRED,신용평가시스템,2025-11-24 02:00:00,incremental,S,,4.59
25,CRED,신용평가시스템,2025-11-25 02:11:00,incremental,S,,4.52
26,CRED,신용평가시스템,2025-11-26 02:52:00,incremental,S,,1.74
27,CRED,신용평가시스템,2025-11-27 02:33:00,incremental,S,,4.78
28,CRED,신용평가시스템,2025-11-28 02:30:00,incremental,S,,3.91
29,CRED,신용평가시스템,2025-11-29 02:56:00,incremental,S,,4.41
30,CRED,신용평가시스템,2025-11-30 02:39:00,full,S,Y,37.94
31,CRED,신용평가시스템,2025-12-01 02:25:00,incremental,S,,3.84
32,CRED,신용평가시스템,2025-12-02 02:50:00,incremental,S,,2.57
33,CRED,신용평가시스템,2025-12-03 02:45:00,incremental,S,,3.04
34,CRED,신용평가시스템,2025-12-04 02:43:00,incremental,S,,4.69
35,CRED,신용평가시스템,2025-12-05 02:13:00,incremental,S,,4.35
36,CRED,신용평가시스템,2025-12-06 02:38:00,incremental,S,,1.12
37,CRED,신용평가시스템,2025-12-07 02:17:00,full,S,Y,39.96
38,CRED,신용평가시스템,2025-12-08 02:22:00,incremental,S,,3.55
39,CRED,신용평가시스템,2025-12-09 02:16:00,incremental,S,,1.87
40,CRED,신용평가시스템,2025-12-10 02:25:00,incremental,S,,0.94
41,CRED,신용평가시스템,2025-12-11 02:30:00,incremental,S,,4.93
42,CRED,신용평가시스템,2025-12-12 02:25:00,incremental,S,,1.07
43,CRED,신용평가시스템,2025-12-13 02:01:00,incremental,S,,4.69
44,CRED,신용평가시스템,2025-12-14 02:28:00,full,S,Y,13.69
45,CRED,신용평가시스템,2025-12-15 02:55:00,incremental,S,,2.86
46,CRED,신용평가시스템,2025-12-16 02:51:00,incremental,S,,1.04
47,CRED,신용평가시스템,2025-12-17 02:18:00,incremental,S,,2.6
48,CRED,신용평가시스템,2025-12-18 02:19:00,incremental,S,,2.86
49,CRED,신용평가시스템,2025-12-19 02:23:00,incremental,S,,3.83
50,CRED,신용평가시스템,2025-12-20 02:22:00,incremental,S,,4.19
51,CRED,신용평가시스템,2025-12-21 02:58:00,full,S,Y,27.56
52,CRED,신용평가시스템,2025-12-22 02:55:00,incremental,S,,3.87
53,CRED,신용평가시스템,2025-12-23 02:14:00,incremental,S,,0.58
54,CRED,신용평가시스템,2025-12-24 02:16:00,incremental,S,,2.22
55,CRED,신용평가시스템,2025-12-25 02:32:00,incremental,S,,1.44
56,CRED,신용평가시스템,2025-12-26 02:15:00,incremental,S,,1.28
57,CRED,신용평가시스템,2025-12-27 02:12:00,incremental,S,,3.57
58,CRED,신용평가시스템,2025-12-28 02:58:00,full,S,Y,30.73
59,CRED,신용평가시스템,2025-12-29 02:16:00,incremental,S,,2.88
60,CRED,신용평가시스템,2025-12-30 02:54:00,incremental,S,,4.14
61,CRED,신용평가시스템,2025-12-31 02:08:00,incremental,S,,3.01
62,CRED,신용평가시스템,2026-01-01 02:11:00,incremental,S,,4.65
63,CRED,신용평가시스템,2026-01-02 02:42:00,incremental,S,,3.66
64,CRED,신용평가시스템,2026-01-03 02:54:00,incremental,S,,1.34
65,CRED,신용평가시스템,2026-01-04 02:18:00,full,S,Y,25.41
66,CRED,신용평가시스템,2026-01-05 02:49:00,incremental,S,,1.18
67,CRED,신용평가시스템,2026-01-06 02:40:00,incremental,S,,4.5
68,CRED,신용평가시스템,2026-01-07 02:05:00,incremental,S,,0.97
69,CRED,신용평가시스템,2026-01-08 02:06:00,incremental,S,,4.57
70,CRED,신용평가시스템,2026-01-09 02:27:00,incremental,S,,0.8
71,CRED,신용평가시스템,2026-01-10 02:52:00,incremental,S,,2.87
72,CRED,신용평가시스템,2026-01-11 02:12:00,full,S,Y,36.14
73,CRED,신용평가시스템,2026-01-12 02:58:00,incremental,S,,3.13
74,CRED,신용평가시스템,2026-01-13 02:06:00,incremental,S,,2.24
75,CRED,신용평가시스템,2026-01-14 02:31:00,incremental,S,,2.41
76,CRED,신용평가시스템,2026-01-15 02:37:00,incremental,S,,1.77
77,CRED,신용평가시스템,2026-01-16 02:30:00,incremental,S,,3.71
78,CRED,신용평가시스템,2026-01-17 02:48:00,incremental,S,,3.05
79,CRED,신용평가시스템,2026-01-18 02:42:00,full,S,Y,7.02
80,CRED,신용평가시스템,2026-01-19 02:29:00,incremental,S,,4.26
81,CRED,신용평가시스템,2026-01-20 02:07:00,incremental,S,,3.85
82,CRED,신용평가시스템,2026-01-21 02:36:00,incremental,S,,3.89
83,CRED,신용평가시스템,2026-01-22 02:54:00,incremental,S,,3.16
84,CRED,신용평가시스템,2026-01-23 02:12:00,incremental,S,,1.32
85,CRED,신용평가시스템,2026-01-24 02:52:00,incremental,S,,3.42
86,CRED,신용평가시스템,2026-01-25 02:26:00,full,S,N,21.07
87,CRED,신용평가시스템,2026-01-26 02:30:00,incremental,S,,4.14
88,CRED,신용평가시스템,2026-01-27 02:20:00,incremental,S,,0.57
89,CRED,신용평가시스템,2026-01-28 02:16:00,incremental,S,,2.38
90,CRED,신용평가시스템,2026-01-29 02:22:00,incremental,S,,4.6
91,CRED,신용평가시스템,2026-01-30 02:04:00,incremental,S,,3.18
92,CRED,신용평가시스템,2026-01-31 02:17:00,incremental,S,,0.78
93,CRED,신용평가시스템,2026-02-01 02:07:00,full,S,Y,16.66
94,CRED,신용평가시스템,2026-02-02 02:12:00,incremental,S,,2.41
95,CRED,신용평가시스템,2026-02-03 02:29:00,incremental,S,,4.62
96,CRED,신용평가시스템,2026-02-04 02:27:00,incremental,S,,4.92
97,CRED,신용평가시스템,2026-02-05 02:54:00,incremental,S,,4.08
98,CRED,신용평가시스템,2026-02-06 02:04:00,incremental,S,,1.78
99,CRED,신용평가시스템,2026-02-07 02:10:00,incremental,S,,4.29
100,CRED,신용평가시스템,2026-02-08 02:21:00,full,S,Y,41.97
101,CRED,신용평가시스템,2026-02-09 02:12:00,incremental,S,,4.72
102,CRED,신용평가시스템,2026-02-10 02:14:00,incremental,S,,2.27
103,CRED,신용평가시스템,2026-02-11 02:23:00,incremental,S,,1.93
104,CRED,신용평가시스템,2026-02-12 02:17:00,incremental,S,,3.36
105,CRED,신용평가시스템,2026-02-13 02:12:00,incremental,S,,3.56
106,CRED,신용평가시스템,2026-02-14 02:43:00,incremental,S,,4.43
107,CRED,신용평가시스템,2026-02-15 02:30:00,full,S,Y,9.03
108,CRED,신용평가시스템,2026-02-16 02:50:00,incremental,S,,3.53
109,CRED,신용평가시스템,2026-02-17 02:33:00,incremental,S,,3.96
110,CRED,신용평가시스템,2026-02-18 02:01:00,incremental,S,,3.55
111,CRED,신용평가시스템,2026-02-19 02:22:00,incremental,S,,0.53
112,CRED,신용평가시스템,2026-02-20 02:12:00,incremental,S,,3.45
113,CRED,신용평가시스템,2026-02-21 02:02:00,incremental,S,,3.77
114,CRED,신용평가시스템,2026-02-22 02:00:00,full,S,Y,11.74
115,CRED,신용평가시스템,2026-02-23 02:50:00,incremental,S,,1.27
116,CRED,신용평가시스템,2026-02-24 02:46:00,incremental,S,,2.37
117,CRED,신용평가시스템,2026-02-25 02:18:00,incremental,S,,1.88
118,CRED,신용평가시스템,2026-02-26 02:51:00,incremental,S,,4.01
119,CRED,신용평가시스템,2026-02-27 02:57:00,incremental,S,,4.51
120,CRED,신용평가시스템,2026-02-28 02:00:00,incremental,S,,0.74
121,CRED,신용평가시스템,2026-03-01 02:05:00,full,S,Y,20.19
122,CRED,신용평가시스템,2026-03-02 02:07:00,incremental,S,,3.48
123,CRED,신용평가시스템,2026-03-03 02:40:00,incremental,S,,0.52
124,CRED,신용평가시스템,2026-03-04 02:37:00,incremental,S,,1.58
125,CRED,신용평가시스템,2026-03-05 02:52:00,incremental,S,,1.86
126,CRED,신용평가시스템,2026-03-06 02:42:00,incremental,S,,3.43
127,CRED,신용평가시스템,2026-03-07 02:46:00,incremental,S,,4.21
128,CRED,신용평가시스템,2026-03-08 02:30:00,full,S,Y,43.06
129,CRED,신용평가시스템,2026-03-09 02:37:00,incremental,S,,4.11
130,CRED,신용평가시스템,2026-03-10 02:50:00,incremental,S,,1.89
131,CRED,신용평가시스템,2026-03-11 02:10:00,incremental,S,,4.38
132,CRED,신용평가시스템,2026-03-12 02:08:00,incremental,S,,4.56
133,CRED,신용평가시스템,2026-03-13 02:40:00,incremental,S,,1.24
134,CRED,신용평가시스템,2026-03-14 02:13:00,incremental,S,,2.23
135,CRED,신용평가시스템,2026-03-15 02:59:00,full,S,Y,34.36
136,CRED,신용평가시스템,2026-03-16 02:42:00,incremental,S,,1.0
137,CRED,신용평가시스템,2026-03-17 02:29:00,incremental,S,,1.13
138,CRED,신용평가시스템,2026-03-18 02:12:00,incremental,S,,0.97
139,CRED,신용평가시스템,2026-03-19 02:30:00,incremental,S,,1.01
140,CRED,신용평가시스템,2026-03-20 02:32:00,incremental,S,,2.74
141,CRED,신용평가시스템,2026-03-21 02:55:00,incremental,S,,4.36
142,CRED,신용평가시스템,2026-03-22 02:55:00,full,S,Y,28.52
143,CRED,신용평가시스템,2026-03-23 02:52:00,incremental,S,,2.41
144,CRED,신용평가시스템,2026-03-24 02:56:00,incremental,S,,3.32
145,CRED,신용평가시스템,2026-03-25 02:13:00,incremental,S,,4.05
146,CRED,신용평가시스템,2026-03-26 02:56:00,incremental,S,,2.64
147,CRED,신용평가시스템,2026-03-27 02:48:00,incremental,S,,4.04
148,CRED,신용평가시스템,2026-03-28 02:35:00,incremental,S,,1.95
149,CRED,신용평가시스템,2026-03-29 02:55:00,full,S,Y,22.43
150,CRED,신용평가시스템,2026-03-30 02:41:00,incremental,S,,0.63
151,CRED,신용평가시스템,2026-03-31 02:53:00,incremental,S,,2.05
152,CRED,신용평가시스템,2026-04-01 02:08:00,incremental,S,,3.39
153,CRED,신용평가시스템,2026-04-02 02:08:00,incremental,S,,4.11
154,CRED,신용평가시스템,2026-04-03 02:28:00,incremental,S,,2.13
155,CRED,신용평가시스템,2026-04-04 02:16:00,incremental,S,,2.3
156,CRED,신용평가시스템,2026-04-05 02:45:00,full,S,Y,33.21
157,CRED,신용평가시스템,2026-04-06 02:45:00,incremental,S,,2.35
158,CRED,신용평가시스템,2026-04-07 02:57:00,incremental,S,,2.47
159,CRED,신용평가시스템,2026-04-08 02:25:00,incremental,S,,1.79
160,CRED,신용평가시스템,2026-04-09 02:25:00,incremental,S,,3.31
161,CRED,신용평가시스템,2026-04-10 02:18:00,incremental,S,,4.81
162,CRED,신용평가시스템,2026-04-11 02:07:00,incremental,S,,0.99
163,CRED,신용평가시스템,2026-04-12 02:58:00,full,S,Y,36.15
164,CRED,신용평가시스템,2026-04-13 02:03:00,incremental,S,,4.16
165,CRED,신용평가시스템,2026-04-14 02:33:00,incremental,S,,3.52
166,CRED,신용평가시스템,2026-04-15 02:30:00,incremental,S,,4.08
167,CRED,신용평가시스템,2026-04-16 02:48:00,incremental,S,,0.63
168,CRED,신용평가시스템,2026-04-17 02:07:00,incremental,S,,3.25
169,CRED,신용평가시스템,2026-04-18 02:43:00,incremental,S,,2.13
170,CRED,신용평가시스템,2026-04-19 02:08:00,full,S,Y,37.73
171,CRED,신용평가시스템,2026-04-20 02:52:00,incremental,S,,3.5
172,CRED,신용평가시스템,2026-04-21 02:53:00,incremental,S,,1.81
173,CRED,신용평가시스템,2026-04-22 02:16:00,incremental,S,,3.28
174,CRED,신용평가시스템,2026-04-23 02:49:00,incremental,F,,2.35
175,CRED,신용평가시스템,2026-04-24 02:14:00,incremental,S,,1.04
176,CRED,신용평가시스템,2026-04-25 02:41:00,incremental,S,,3.88
177,CRED,신용평가시스템,2026-04-26 02:39:00,full,S,Y,6.96
178,CRED,신용평가시스템,2026-04-27 02:20:00,incremental,S,,2.74
179,CRED,신용평가시스템,2026-04-28 02:43:00,incremental,S,,0.54
180,CRED,신용평가시스템,2026-04-29 02:57:00,incremental,S,,1.72
181,CRED,신용평가시스템,2026-04-30 02:10:00,incremental,S,,4.08
182,CRED,신용평가시스템,2026-05-01 02:42:00,incremental,S,,3.92
183,CRED,신용평가시스템,2026-05-02 02:53:00,incremental,S,,4.33
184,CRED,신용평가시스템,2026-05-03 02:31:00,full,S,Y,8.24
185,CRED,신용평가시스템,2026-05-04 02:55:00,incremental,S,,1.38
186,CRED,신용평가시스템,2026-05-05 02:14:00,incremental,S,,4.92
187,CRED,신용평가시스템,2026-05-06 02:42:00,incremental,S,,1.41
188,CRED,신용평가시스템,2026-05-07 02:32:00,incremental,S,,0.53
189,CRED,신용평가시스템,2026-05-08 02:56:00,incremental,S,,4.52
190,CRED,신용평가시스템,2026-05-09 02:22:00,incremental,S,,3.25
191,CRED,신용평가시스템,2026-05-10 02:37:00,full,S,Y,21.35
192,CRED,신용평가시스템,2026-05-11 02:48:00,incremental,S,,2.61
193,CRED,신용평가시스템,2026-05-12 02:12:00,incremental,S,,3.21
194,CRED,신용평가시스템,2026-05-13 02:07:00,incremental,S,,1.26
195,CRED,신용평가시스템,2026-05-14 02:55:00,incremental,S,,1.23
196,CRED,신용평가시스템,2026-05-15 02:20:00,incremental,S,,4.71
197,CRED,신용평가시스템,2026-05-16 02:18:00,incremental,S,,2.59
198,CRED,신용평가시스템,2026-05-17 02:25:00,full,S,Y,10.82
199,CRED,신용평가시스템,2026-05-18 02:13:00,incremental,S,,2.69
200,CRED,신용평가시스템,2026-05-19 02:18:00,incremental,F,,4.26
201,CRED,신용평가시스템,2026-05-20 02:42:00,incremental,S,,2.12
202,CRED,신용평가시스템,2026-05-21 02:39:00,incremental,S,,3.85
203,CRED,신용평가시스템,2026-05-22 02:28:00,incremental,S,,2.29
204,CRED,신용평가시스템,2026-05-23 02:45:00,incremental,S,,1.93
205,CRED,신용평가시스템,2026-05-24 02:03:00,full,S,Y,27.61
206,CRED,신용평가시스템,2026-05-25 02:47:00,incremental,S,,4.8
207,CRED,신용평가시스템,2026-05-26 02:41:00,incremental,S,,3.04
208,CRED,신용평가시스템,2026-05-27 02:25:00,incremental,S,,3.24
209,CRED,신용평가시스템,2026-05-28 02:28:00,incremental,S,,3.98
210,CRED,신용평가시스템,2026-05-29 02:02:00,incremental,S,,1.85
211,CRED,신용평가시스템,2026-05-30 02:16:00,incremental,S,,4.75
212,CRED,신용평가시스템,2026-05-31 02:34:00,full,S,Y,6.07
213,PORTAL,고객포털,2025-11-01 02:10:00,incremental,S,,4.49
214,PORTAL,고객포털,2025-11-02 02:56:00,full,S,Y,43.13
215,PORTAL,고객포털,2025-11-03 02:35:00,incremental,S,,1.24
216,PORTAL,고객포털,2025-11-04 02:27:00,incremental,S,,3.12
217,PORTAL,고객포털,2025-11-05 02:55:00,incremental,S,,2.09
218,PORTAL,고객포털,2025-11-06 02:59:00,incremental,S,,2.8
219,PORTAL,고객포털,2025-11-07 02:15:00,incremental,S,,2.88
220,PORTAL,고객포털,2025-11-08 02:07:00,incremental,S,,2.57
221,PORTAL,고객포털,2025-11-09 02:13:00,full,S,Y,39.08
222,PORTAL,고객포털,2025-11-10 02:15:00,incremental,S,,3.13
223,PORTAL,고객포털,2025-11-11 02:04:00,incremental,S,,2.26
224,PORTAL,고객포털,2025-11-12 02:17:00,incremental,S,,2.84
225,PORTAL,고객포털,2025-11-13 02:43:00,incremental,S,,3.76
226,PORTAL,고객포털,2025-11-14 02:40:00,incremental,S,,4.0
227,PORTAL,고객포털,2025-11-15 02:38:00,incremental,S,,2.46
228,PORTAL,고객포털,2025-11-16 02:46:00,full,S,Y,19.52
229,PORTAL,고객포털,2025-11-17 02:44:00,incremental,S,,3.41
230,PORTAL,고객포털,2025-11-18 02:22:00,incremental,S,,4.18
231,PORTAL,고객포털,2025-11-19 02:14:00,incremental,S,,1.37
232,PORTAL,고객포털,2025-11-20 02:53:00,incremental,S,,3.16
233,PORTAL,고객포털,2025-11-21 02:17:00,incremental,S,,3.92
234,PORTAL,고객포털,2025-11-22 02:05:00,incremental,S,,4.87
235,PORTAL,고객포털,2025-11-23 02:24:00,full,S,Y,17.63
236,PORTAL,고객포털,2025-11-24 02:59:00,incremental,S,,1.78
237,PORTAL,고객포털,2025-11-25 02:50:00,incremental,S,,0.77
238,PORTAL,고객포털,2025-11-26 02:44:00,incremental,S,,1.82
239,PORTAL,고객포털,2025-11-27 02:38:00,incremental,S,,1.93
240,PORTAL,고객포털,2025-11-28 02:54:00,incremental,S,,4.03
241,PORTAL,고객포털,2025-11-29 02:58:00,incremental,S,,2.17
242,PORTAL,고객포털,2025-11-30 02:14:00,full,S,Y,39.65
243,PORTAL,고객포털,2025-12-01 02:07:00,incremental,S,,3.02
244,PORTAL,고객포털,2025-12-02 02:46:00,incremental,S,,4.05
245,PORTAL,고객포털,2025-12-03 02:43:00,incremental,S,,4.23
246,PORTAL,고객포털,2025-12-04 02:32:00,incremental,S,,2.9
247,PORTAL,고객포털,2025-12-05 02:36:00,incremental,S,,3.41
248,PORTAL,고객포털,2025-12-06 02:45:00,incremental,S,,1.97
249,PORTAL,고객포털,2025-12-07 02:20:00,full,S,Y,18.0
250,PORTAL,고객포털,2025-12-08 02:21:00,incremental,S,,4.76
251,PORTAL,고객포털,2025-12-09 02:13:00,incremental,S,,2.8
252,PORTAL,고객포털,2025-12-10 02:38:00,incremental,S,,4.3
253,PORTAL,고객포털,2025-12-11 02:00:00,incremental,S,,1.61
254,PORTAL,고객포털,2025-12-12 02:55:00,incremental,S,,3.08
255,PORTAL,고객포털,2025-12-13 02:54:00,incremental,S,,4.28
256,PORTAL,고객포털,2025-12-14 02:16:00,full,S,Y,22.63
257,PORTAL,고객포털,2025-12-15 02:57:00,incremental,S,,4.17
258,PORTAL,고객포털,2025-12-16 02:33:00,incremental,S,,0.52
259,PORTAL,고객포털,2025-12-17 02:37:00,incremental,S,,2.79
260,PORTAL,고객포털,2025-12-18 02:20:00,incremental,S,,3.53
261,PORTAL,고객포털,2025-12-19 02:47:00,incremental,S,,2.57
262,PORTAL,고객포털,2025-12-20 02:42:00,incremental,S,,2.29
263,PORTAL,고객포털,2025-12-21 02:08:00,full,S,Y,32.85
264,PORTAL,고객포털,2025-12-22 02:14:00,incremental,S,,3.21
265,PORTAL,고객포털,2025-12-23 02:51:00,incremental,S,,1.16
266,PORTAL,고객포털,2025-12-24 02:31:00,incremental,S,,4.13
267,PORTAL,고객포털,2025-12-25 02:30:00,incremental,S,,3.56
268,PORTAL,고객포털,2025-12-26 02:36:00,incremental,S,,2.54
269,PORTAL,고객포털,2025-12-27 02:10:00,incremental,S,,2.48
270,PORTAL,고객포털,2025-12-28 02:03:00,full,S,N,37.04
271,PORTAL,고객포털,2025-12-29 02:12:00,incremental,S,,3.64
272,PORTAL,고객포털,2025-12-30 02:16:00,incremental,S,,3.13
273,PORTAL,고객포털,2025-12-31 02:25:00,incremental,S,,2.29
274,PORTAL,고객포털,2026-01-01 02:03:00,incremental,S,,1.59
275,PORTAL,고객포털,2026-01-02 02:27:00,incremental,S,,2.77
276,PORTAL,고객포털,2026-01-03 02:49:00,incremental,S,,3.04
277,PORTAL,고객포털,2026-01-04 02:38:00,full,S,N,30.34
278,PORTAL,고객포털,2026-01-05 02:54:00,incremental,S,,4.99
279,PORTAL,고객포털,2026-01-06 02:02:00,incremental,S,,4.23
280,PORTAL,고객포털,2026-01-07 02:47:00,incremental,S,,1.97
281,PORTAL,고객포털,2026-01-08 02:57:00,incremental,S,,1.8
282,PORTAL,고객포털,2026-01-09 02:56:00,incremental,S,,3.44
283,PORTAL,고객포털,2026-01-10 02:24:00,incremental,S,,0.53
284,PORTAL,고객포털,2026-01-11 02:14:00,full,S,N,36.08
285,PORTAL,고객포털,2026-01-12 02:17:00,incremental,S,,0.74
286,PORTAL,고객포털,2026-01-13 02:01:00,incremental,S,,1.98
287,PORTAL,고객포털,2026-01-14 02:17:00,incremental,S,,2.86
288,PORTAL,고객포털,2026-01-15 02:30:00,incremental,S,,1.37
289,PORTAL,고객포털,2026-01-16 02:40:00,incremental,S,,1.61
290,PORTAL,고객포털,2026-01-17 02:39:00,incremental,S,,0.98
291,PORTAL,고객포털,2026-01-18 02:16:00,full,S,Y,7.93
292,PORTAL,고객포털,2026-01-19 02:44:00,incremental,S,,0.96
293,PORTAL,고객포털,2026-01-20 02:50:00,incremental,S,,3.77
294,PORTAL,고객포털,2026-01-21 02:14:00,incremental,S,,2.3
295,PORTAL,고객포털,2026-01-22 02:59:00,incremental,S,,4.46
296,PORTAL,고객포털,2026-01-23 02:51:00,incremental,S,,1.07
297,PORTAL,고객포털,2026-01-24 02:03:00,incremental,S,,4.55
298,PORTAL,고객포털,2026-01-25 02:01:00,full,S,Y,21.76
299,PORTAL,고객포털,2026-01-26 02:50:00,incremental,S,,3.44
300,PORTAL,고객포털,2026-01-27 02:05:00,incremental,S,,4.14
301,PORTAL,고객포털,2026-01-28 02:22:00,incremental,S,,3.35
302,PORTAL,고객포털,2026-01-29 02:25:00,incremental,S,,4.1
303,PORTAL,고객포털,2026-01-30 02:22:00,incremental,S,,1.64
304,PORTAL,고객포털,2026-01-31 02:10:00,incremental,S,,4.0
305,PORTAL,고객포털,2026-02-01 02:38:00,full,S,Y,39.17
306,PORTAL,고객포털,2026-02-02 02:02:00,incremental,S,,3.38
307,PORTAL,고객포털,2026-02-03 02:06:00,incremental,S,,1.56
308,PORTAL,고객포털,2026-02-04 02:29:00,incremental,S,,2.7
309,PORTAL,고객포털,2026-02-05 02:48:00,incremental,S,,1.26
310,PORTAL,고객포털,2026-02-06 02:04:00,incremental,S,,2.31
311,PORTAL,고객포털,2026-02-07 02:42:00,incremental,S,,0.56
312,PORTAL,고객포털,2026-02-08 02:17:00,full,S,Y,26.92
313,PORTAL,고객포털,2026-02-09 02:06:00,incremental,S,,3.91
314,PORTAL,고객포털,2026-02-10 02:02:00,incremental,S,,4.12
315,PORTAL,고객포털,2026-02-11 02:04:00,incremental,S,,2.44
316,PORTAL,고객포털,2026-02-12 02:52:00,incremental,S,,1.58
317,PORTAL,고객포털,2026-02-13 02:35:00,incremental,S,,2.16
318,PORTAL,고객포털,2026-02-14 02:22:00,incremental,S,,4.06
319,PORTAL,고객포털,2026-02-15 02:13:00,full,S,Y,45.64
320,PORTAL,고객포털,2026-02-16 02:14:00,incremental,S,,2.13
321,PORTAL,고객포털,2026-02-17 02:45:00,incremental,S,,4.95
322,PORTAL,고객포털,2026-02-18 02:53:00,incremental,S,,1.34
323,PORTAL,고객포털,2026-02-19 02:45:00,incremental,S,,2.88
324,PORTAL,고객포털,2026-02-20 02:12:00,incremental,S,,2.16
325,PORTAL,고객포털,2026-02-21 02:39:00,incremental,S,,1.75
326,PORTAL,고객포털,2026-02-22 02:19:00,full,S,Y,38.0
327,PORTAL,고객포털,2026-02-23 02:37:00,incremental,S,,3.44
328,PORTAL,고객포털,2026-02-24 02:33:00,incremental,S,,2.07
329,PORTAL,고객포털,2026-02-25 02:53:00,incremental,S,,2.58
330,PORTAL,고객포털,2026-02-26 02:02:00,incremental,S,,4.97
331,PORTAL,고객포털,2026-02-27 02:41:00,incremental,S,,3.87
332,PORTAL,고객포털,2026-02-28 02:05:00,incremental,S,,3.33
333,PORTAL,고객포털,2026-03-01 02:25:00,full,S,Y,22.2
334,PORTAL,고객포털,2026-03-02 02:05:00,incremental,S,,3.88
335,PORTAL,고객포털,2026-03-03 02:49:00,incremental,S,,2.02
336,PORTAL,고객포털,2026-03-04 02:06:00,incremental,S,,4.15
337,PORTAL,고객포털,2026-03-05 02:34:00,incremental,S,,4.47
338,PORTAL,고객포털,2026-03-06 02:41:00,incremental,S,,4.0
339,PORTAL,고객포털,2026-03-07 02:44:00,incremental,S,,1.41
340,PORTAL,고객포털,2026-03-08 02:51:00,full,S,Y,26.28
341,PORTAL,고객포털,2026-03-09 02:26:00,incremental,S,,2.55
342,PORTAL,고객포털,2026-03-10 02:03:00,incremental,S,,2.48
343,PORTAL,고객포털,2026-03-11 02:50:00,incremental,S,,4.42
344,PORTAL,고객포털,2026-03-12 02:01:00,incremental,S,,0.88
345,PORTAL,고객포털,2026-03-13 02:29:00,incremental,S,,2.2
346,PORTAL,고객포털,2026-03-14 02:29:00,incremental,S,,4.47
347,PORTAL,고객포털,2026-03-15 02:45:00,full,S,Y,46.69
348,PORTAL,고객포털,2026-03-16 02:05:00,incremental,S,,4.72
349,PORTAL,고객포털,2026-03-17 02:25:00,incremental,S,,1.92
350,PORTAL,고객포털,2026-03-18 02:36:00,incremental,S,,4.77
351,PORTAL,고객포털,2026-03-19 02:24:00,incremental,S,,3.54
352,PORTAL,고객포털,2026-03-20 02:43:00,incremental,S,,0.66
353,PORTAL,고객포털,2026-03-21 02:01:00,incremental,S,,3.03
354,PORTAL,고객포털,2026-03-22 02:19:00,full,S,N,37.74
355,PORTAL,고객포털,2026-03-23 02:23:00,incremental,S,,0.59
356,PORTAL,고객포털,2026-03-24 02:44:00,incremental,S,,4.86
357,PORTAL,고객포털,2026-03-25 02:24:00,incremental,S,,1.4
358,PORTAL,고객포털,2026-03-26 02:38:00,incremental,S,,3.97
359,PORTAL,고객포털,2026-03-27 02:26:00,incremental,S,,0.67
360,PORTAL,고객포털,2026-03-28 02:42:00,incremental,S,,2.22
361,PORTAL,고객포털,2026-03-29 02:48:00,full,S,Y,44.67
362,PORTAL,고객포털,2026-03-30 02:40:00,incremental,S,,4.03
363,PORTAL,고객포털,2026-03-31 02:02:00,incremental,S,,3.15
364,PORTAL,고객포털,2026-04-01 02:15:00,incremental,S,,4.76
365,PORTAL,고객포털,2026-04-02 02:24:00,incremental,S,,0.81
366,PORTAL,고객포털,2026-04-03 02:41:00,incremental,S,,3.95
367,PORTAL,고객포털,2026-04-04 02:38:00,incremental,S,,1.37
368,PORTAL,고객포털,2026-04-05 02:38:00,full,S,Y,25.91
369,PORTAL,고객포털,2026-04-06 02:05:00,incremental,S,,1.97
370,PORTAL,고객포털,2026-04-07 02:58:00,incremental,S,,2.84
371,PORTAL,고객포털,2026-04-08 02:58:00,incremental,S,,1.48
372,PORTAL,고객포털,2026-04-09 02:21:00,incremental,S,,2.46
373,PORTAL,고객포털,2026-04-10 02:41:00,incremental,F,,1.41
374,PORTAL,고객포털,2026-04-11 02:02:00,incremental,S,,1.1
375,PORTAL,고객포털,2026-04-12 02:10:00,full,S,Y,22.05
376,PORTAL,고객포털,2026-04-13 02:18:00,incremental,S,,1.86
377,PORTAL,고객포털,2026-04-14 02:58:00,incremental,S,,0.86
378,PORTAL,고객포털,2026-04-15 02:06:00,incremental,S,,3.64
379,PORTAL,고객포털,2026-04-16 02:51:00,incremental,S,,3.37
380,PORTAL,고객포털,2026-04-17 02:45:00,incremental,S,,4.63
381,PORTAL,고객포털,2026-04-18 02:21:00,incremental,S,,4.17
382,PORTAL,고객포털,2026-04-19 02:27:00,full,S,Y,8.57
383,PORTAL,고객포털,2026-04-20 02:00:00,incremental,S,,4.77
384,PORTAL,고객포털,2026-04-21 02:16:00,incremental,S,,2.6
385,PORTAL,고객포털,2026-04-22 02:53:00,incremental,S,,2.35
386,PORTAL,고객포털,2026-04-23 02:26:00,incremental,S,,3.37
387,PORTAL,고객포털,2026-04-24 02:30:00,incremental,S,,3.85
388,PORTAL,고객포털,2026-04-25 02:48:00,incremental,S,,2.82
389,PORTAL,고객포털,2026-04-26 02:19:00,full,S,Y,15.07
390,PORTAL,고객포털,2026-04-27 02:30:00,incremental,S,,1.08
391,PORTAL,고객포털,2026-04-28 02:34:00,incremental,F,,3.31
392,PORTAL,고객포털,2026-04-29 02:03:00,incremental,S,,2.48
393,PORTAL,고객포털,2026-04-30 02:01:00,incremental,S,,0.82
394,PORTAL,고객포털,2026-05-01 02:10:00,incremental,S,,2.27
395,PORTAL,고객포털,2026-05-02 02:55:00,incremental,S,,4.21
396,PORTAL,고객포털,2026-05-03 02:08:00,full,S,Y,26.61
397,PORTAL,고객포털,2026-05-04 02:41:00,incremental,S,,0.6
398,PORTAL,고객포털,2026-05-05 02:43:00,incremental,S,,1.63
399,PORTAL,고객포털,2026-05-06 02:34:00,incremental,S,,4.46
400,PORTAL,고객포털,2026-05-07 02:23:00,incremental,S,,4.65
401,PORTAL,고객포털,2026-05-08 02:35:00,incremental,S,,1.63
402,PORTAL,고객포털,2026-05-09 02:30:00,incremental,S,,2.45
403,PORTAL,고객포털,2026-05-10 02:07:00,full,S,Y,49.52
404,PORTAL,고객포털,2026-05-11 02:28:00,incremental,S,,1.05
405,PORTAL,고객포털,2026-05-12 02:32:00,incremental,S,,4.07
406,PORTAL,고객포털,2026-05-13 02:45:00,incremental,S,,3.62
407,PORTAL,고객포털,2026-05-14 02:14:00,incremental,S,,4.86
408,PORTAL,고객포털,2026-05-15 02:05:00,incremental,S,,4.33
409,PORTAL,고객포털,2026-05-16 02:06:00,incremental,S,,1.97
410,PORTAL,고객포털,2026-05-17 02:53:00,full,S,Y,49.22
411,PORTAL,고객포털,2026-05-18 02:33:00,incremental,S,,4.01
412,PORTAL,고객포털,2026-05-19 02:47:00,incremental,S,,3.69
413,PORTAL,고객포털,2026-05-20 02:01:00,incremental,S,,4.51
414,PORTAL,고객포털,2026-05-21 02:18:00,incremental,S,,2.65
415,PORTAL,고객포털,2026-05-22 02:36:00,incremental,S,,1.16
416,PORTAL,고객포털,2026-05-23 02:47:00,incremental,S,,4.04
417,PORTAL,고객포털,2026-05-24 02:48:00,full,S,Y,19.03
418,PORTAL,고객포털,2026-05-25 02:30:00,incremental,S,,2.78
419,PORTAL,고객포털,2026-05-26 02:54:00,incremental,S,,4.38
420,PORTAL,고객포털,2026-05-27 02:32:00,incremental,S,,2.38
421,PORTAL,고객포털,2026-05-28 02:07:00,incremental,S,,4.93
422,PORTAL,고객포털,2026-05-29 02:24:00,incremental,S,,1.85
423,PORTAL,고객포털,2026-05-30 02:21:00,incremental,S,,4.16
424,PORTAL,고객포털,2026-05-31 02:09:00,full,S,Y,47.57
425,ERP,경영관리시스템,2025-11-01 02:30:00,incremental,S,,2.72
426,ERP,경영관리시스템,2025-11-02 02:30:00,full,S,Y,6.22
427,ERP,경영관리시스템,2025-11-03 02:39:00,incremental,S,,2.73
428,ERP,경영관리시스템,2025-11-04 02:34:00,incremental,S,,2.52
429,ERP,경영관리시스템,2025-11-05 02:40:00,incremental,S,,2.02
430,ERP,경영관리시스템,2025-11-06 02:19:00,incremental,S,,2.74
431,ERP,경영관리시스템,2025-11-07 02:39:00,incremental,S,,3.6
432,ERP,경영관리시스템,2025-11-08 02:02:00,incremental,S,,4.8
433,ERP,경영관리시스템,2025-11-09 02:14:00,full,S,Y,8.54
434,ERP,경영관리시스템,2025-11-10 02:18:00,incremental,S,,4.46
435,ERP,경영관리시스템,2025-11-11 02:17:00,incremental,S,,1.16
436,ERP,경영관리시스템,2025-11-12 02:27:00,incremental,S,,2.11
437,ERP,경영관리시스템,2025-11-13 02:17:00,incremental,S,,1.96
438,ERP,경영관리시스템,2025-11-14 02:56:00,incremental,F,,3.38
439,ERP,경영관리시스템,2025-11-15 02:31:00,incremental,S,,4.41
440,ERP,경영관리시스템,2025-11-16 02:28:00,full,S,Y,11.07
441,ERP,경영관리시스템,2025-11-17 02:47:00,incremental,S,,3.73
442,ERP,경영관리시스템,2025-11-18 02:41:00,incremental,S,,3.41
443,ERP,경영관리시스템,2025-11-19 02:59:00,incremental,S,,4.75
444,ERP,경영관리시스템,2025-11-20 02:44:00,incremental,S,,2.7
445,ERP,경영관리시스템,2025-11-21 02:22:00,incremental,S,,2.62
446,ERP,경영관리시스템,2025-11-22 02:09:00,incremental,S,,4.53
447,ERP,경영관리시스템,2025-11-23 02:22:00,full,S,Y,36.82
448,ERP,경영관리시스템,2025-11-24 02:55:00,incremental,S,,4.04
449,ERP,경영관리시스템,2025-11-25 02:03:00,incremental,S,,2.01
450,ERP,경영관리시스템,2025-11-26 02:27:00,incremental,S,,2.53
451,ERP,경영관리시스템,2025-11-27 02:58:00,incremental,S,,4.76
452,ERP,경영관리시스템,2025-11-28 02:25:00,incremental,S,,2.37
453,ERP,경영관리시스템,2025-11-29 02:44:00,incremental,S,,3.36
454,ERP,경영관리시스템,2025-11-30 02:05:00,full,S,Y,24.66
455,ERP,경영관리시스템,2025-12-01 02:33:00,incremental,S,,1.41
456,ERP,경영관리시스템,2025-12-02 02:51:00,incremental,S,,4.65
457,ERP,경영관리시스템,2025-12-03 02:32:00,incremental,S,,0.58
458,ERP,경영관리시스템,2025-12-04 02:02:00,incremental,S,,2.08
459,ERP,경영관리시스템,2025-12-05 02:33:00,incremental,S,,2.7
460,ERP,경영관리시스템,2025-12-06 02:33:00,incremental,S,,3.33
461,ERP,경영관리시스템,2025-12-07 02:21:00,full,S,Y,33.03
462,ERP,경영관리시스템,2025-12-08 02:35:00,incremental,S,,3.94
463,ERP,경영관리시스템,2025-12-09 02:54:00,incremental,S,,2.18
464,ERP,경영관리시스템,2025-12-10 02:37:00,incremental,S,,4.27
465,ERP,경영관리시스템,2025-12-11 02:12:00,incremental,S,,0.98
466,ERP,경영관리시스템,2025-12-12 02:00:00,incremental,S,,0.94
467,ERP,경영관리시스템,2025-12-13 02:47:00,incremental,S,,1.13
468,ERP,경영관리시스템,2025-12-14 02:29:00,full,S,Y,28.92
469,ERP,경영관리시스템,2025-12-15 02:10:00,incremental,S,,4.55
470,ERP,경영관리시스템,2025-12-16 02:26:00,incremental,S,,3.3
471,ERP,경영관리시스템,2025-12-17 02:01:00,incremental,S,,1.52
472,ERP,경영관리시스템,2025-12-18 02:09:00,incremental,S,,0.93
473,ERP,경영관리시스템,2025-12-19 02:58:00,incremental,S,,1.66
474,ERP,경영관리시스템,2025-12-20 02:57:00,incremental,S,,4.18
475,ERP,경영관리시스템,2025-12-21 02:09:00,full,S,Y,8.13
476,ERP,경영관리시스템,2025-12-22 02:11:00,incremental,S,,4.02
477,ERP,경영관리시스템,2025-12-23 02:55:00,incremental,S,,4.07
478,ERP,경영관리시스템,2025-12-24 02:27:00,incremental,S,,2.11
479,ERP,경영관리시스템,2025-12-25 02:21:00,incremental,S,,2.72
480,ERP,경영관리시스템,2025-12-26 02:20:00,incremental,S,,2.85
481,ERP,경영관리시스템,2025-12-27 02:29:00,incremental,S,,3.06
482,ERP,경영관리시스템,2025-12-28 02:28:00,full,S,Y,8.56
483,ERP,경영관리시스템,2025-12-29 02:22:00,incremental,S,,2.88
484,ERP,경영관리시스템,2025-12-30 02:19:00,incremental,S,,1.26
485,ERP,경영관리시스템,2025-12-31 02:45:00,incremental,S,,1.82
486,ERP,경영관리시스템,2026-01-01 02:33:00,incremental,S,,2.49
487,ERP,경영관리시스템,2026-01-02 02:51:00,incremental,S,,4.24
488,ERP,경영관리시스템,2026-01-03 02:51:00,incremental,S,,4.7
489,ERP,경영관리시스템,2026-01-04 02:27:00,full,S,Y,24.54
490,ERP,경영관리시스템,2026-01-05 02:03:00,incremental,S,,1.97
491,ERP,경영관리시스템,2026-01-06 02:45:00,incremental,S,,2.98
492,ERP,경영관리시스템,2026-01-07 02:25:00,incremental,S,,3.85
493,ERP,경영관리시스템,2026-01-08 02:55:00,incremental,S,,0.61
494,ERP,경영관리시스템,2026-01-09 02:15:00,incremental,S,,2.67
495,ERP,경영관리시스템,2026-01-10 02:23:00,incremental,S,,2.41
496,ERP,경영관리시스템,2026-01-11 02:55:00,full,S,Y,31.89
497,ERP,경영관리시스템,2026-01-12 02:53:00,incremental,S,,2.38
498,ERP,경영관리시스템,2026-01-13 02:46:00,incremental,S,,1.48
499,ERP,경영관리시스템,2026-01-14 02:16:00,incremental,S,,1.69
500,ERP,경영관리시스템,2026-01-15 02:19:00,incremental,S,,1.02
501,ERP,경영관리시스템,2026-01-16 02:43:00,incremental,S,,1.15
502,ERP,경영관리시스템,2026-01-17 02:42:00,incremental,S,,3.08
503,ERP,경영관리시스템,2026-01-18 02:44:00,full,S,Y,19.93
504,ERP,경영관리시스템,2026-01-19 02:00:00,incremental,S,,0.75
505,ERP,경영관리시스템,2026-01-20 02:29:00,incremental,S,,2.55
506,ERP,경영관리시스템,2026-01-21 02:52:00,incremental,F,,4.33
507,ERP,경영관리시스템,2026-01-22 02:21:00,incremental,S,,4.04
508,ERP,경영관리시스템,2026-01-23 02:01:00,incremental,S,,2.47
509,ERP,경영관리시스템,2026-01-24 02:24:00,incremental,S,,1.07
510,ERP,경영관리시스템,2026-01-25 02:52:00,full,S,Y,25.16
511,ERP,경영관리시스템,2026-01-26 02:19:00,incremental,S,,3.21
512,ERP,경영관리시스템,2026-01-27 02:19:00,incremental,S,,3.45
513,ERP,경영관리시스템,2026-01-28 02:25:00,incremental,S,,0.53
514,ERP,경영관리시스템,2026-01-29 02:01:00,incremental,S,,2.59
515,ERP,경영관리시스템,2026-01-30 02:24:00,incremental,S,,1.61
516,ERP,경영관리시스템,2026-01-31 02:00:00,incremental,S,,4.55
517,ERP,경영관리시스템,2026-02-01 02:26:00,full,S,Y,44.52
518,ERP,경영관리시스템,2026-02-02 02:50:00,incremental,S,,4.5
519,ERP,경영관리시스템,2026-02-03 02:26:00,incremental,S,,0.53
520,ERP,경영관리시스템,2026-02-04 02:04:00,incremental,S,,3.0
521,ERP,경영관리시스템,2026-02-05 02:14:00,incremental,S,,3.5
522,ERP,경영관리시스템,2026-02-06 02:30:00,incremental,S,,1.71
523,ERP,경영관리시스템,2026-02-07 02:31:00,incremental,S,,4.69
524,ERP,경영관리시스템,2026-02-08 02:37:00,full,S,Y,5.46
525,ERP,경영관리시스템,2026-02-09 02:20:00,incremental,S,,2.62
526,ERP,경영관리시스템,2026-02-10 02:29:00,incremental,S,,3.3
527,ERP,경영관리시스템,2026-02-11 02:07:00,incremental,S,,2.0
528,ERP,경영관리시스템,2026-02-12 02:18:00,incremental,S,,1.45
529,ERP,경영관리시스템,2026-02-13 02:02:00,incremental,S,,1.03
530,ERP,경영관리시스템,2026-02-14 02:43:00,incremental,S,,1.72
531,ERP,경영관리시스템,2026-02-15 02:44:00,full,S,Y,28.02
532,ERP,경영관리시스템,2026-02-16 02:00:00,incremental,S,,4.98
533,ERP,경영관리시스템,2026-02-17 02:32:00,incremental,S,,4.37
534,ERP,경영관리시스템,2026-02-18 02:26:00,incremental,S,,0.68
535,ERP,경영관리시스템,2026-02-19 02:04:00,incremental,S,,4.1
536,ERP,경영관리시스템,2026-02-20 02:54:00,incremental,S,,3.99
537,ERP,경영관리시스템,2026-02-21 02:46:00,incremental,S,,4.49
538,ERP,경영관리시스템,2026-02-22 02:54:00,full,S,Y,37.02
539,ERP,경영관리시스템,2026-02-23 02:52:00,incremental,S,,0.51
540,ERP,경영관리시스템,2026-02-24 02:46:00,incremental,S,,2.19
541,ERP,경영관리시스템,2026-02-25 02:25:00,incremental,S,,3.92
542,ERP,경영관리시스템,2026-02-26 02:16:00,incremental,S,,0.62
543,ERP,경영관리시스템,2026-02-27 02:31:00,incremental,S,,3.68
544,ERP,경영관리시스템,2026-02-28 02:45:00,incremental,S,,1.06
545,ERP,경영관리시스템,2026-03-01 02:05:00,full,S,Y,12.96
546,ERP,경영관리시스템,2026-03-02 02:10:00,incremental,S,,2.88
547,ERP,경영관리시스템,2026-03-03 02:14:00,incremental,S,,4.63
548,ERP,경영관리시스템,2026-03-04 02:17:00,incremental,S,,1.06
549,ERP,경영관리시스템,2026-03-05 02:58:00,incremental,S,,2.49
550,ERP,경영관리시스템,2026-03-06 02:38:00,incremental,S,,4.75
551,ERP,경영관리시스템,2026-03-07 02:24:00,incremental,S,,0.95
552,ERP,경영관리시스템,2026-03-08 02:19:00,full,S,Y,32.08
553,ERP,경영관리시스템,2026-03-09 02:59:00,incremental,S,,3.29
554,ERP,경영관리시스템,2026-03-10 02:34:00,incremental,S,,2.47
555,ERP,경영관리시스템,2026-03-11 02:42:00,incremental,S,,4.76
556,ERP,경영관리시스템,2026-03-12 02:39:00,incremental,S,,3.1
557,ERP,경영관리시스템,2026-03-13 02:40:00,incremental,S,,3.78
558,ERP,경영관리시스템,2026-03-14 02:49:00,incremental,S,,2.93
559,ERP,경영관리시스템,2026-03-15 02:19:00,full,S,N,37.09
560,ERP,경영관리시스템,2026-03-16 02:29:00,incremental,S,,4.01
561,ERP,경영관리시스템,2026-03-17 02:20:00,incremental,S,,4.2
562,ERP,경영관리시스템,2026-03-18 02:30:00,incremental,S,,3.87
563,ERP,경영관리시스템,2026-03-19 02:41:00,incremental,S,,1.12
564,ERP,경영관리시스템,2026-03-20 02:53:00,incremental,S,,3.61
565,ERP,경영관리시스템,2026-03-21 02:50:00,incremental,F,,2.9
566,ERP,경영관리시스템,2026-03-22 02:44:00,full,S,Y,24.59
567,ERP,경영관리시스템,2026-03-23 02:36:00,incremental,S,,1.68
568,ERP,경영관리시스템,2026-03-24 02:44:00,incremental,S,,4.29
569,ERP,경영관리시스템,2026-03-25 02:14:00,incremental,S,,2.25
570,ERP,경영관리시스템,2026-03-26 02:17:00,incremental,S,,4.41
571,ERP,경영관리시스템,2026-03-27 02:38:00,incremental,S,,2.64
572,ERP,경영관리시스템,2026-03-28 02:26:00,incremental,S,,3.95
573,ERP,경영관리시스템,2026-03-29 02:21:00,full,S,Y,39.4
574,ERP,경영관리시스템,2026-03-30 02:45:00,incremental,S,,4.44
575,ERP,경영관리시스템,2026-03-31 02:29:00,incremental,S,,4.96
576,ERP,경영관리시스템,2026-04-01 02:52:00,incremental,S,,0.61
577,ERP,경영관리시스템,2026-04-02 02:51:00,incremental,S,,1.66
578,ERP,경영관리시스템,2026-04-03 02:46:00,incremental,S,,1.66
579,ERP,경영관리시스템,2026-04-04 02:52:00,incremental,S,,4.49
580,ERP,경영관리시스템,2026-04-05 02:35:00,full,S,Y,22.81
581,ERP,경영관리시스템,2026-04-06 02:56:00,incremental,S,,4.94
582,ERP,경영관리시스템,2026-04-07 02:04:00,incremental,S,,3.46
583,ERP,경영관리시스템,2026-04-08 02:35:00,incremental,S,,4.22
584,ERP,경영관리시스템,2026-04-09 02:14:00,incremental,S,,0.81
585,ERP,경영관리시스템,2026-04-10 02:01:00,incremental,S,,4.94
586,ERP,경영관리시스템,2026-04-11 02:44:00,incremental,S,,2.23
587,ERP,경영관리시스템,2026-04-12 02:13:00,full,S,Y,18.82
588,ERP,경영관리시스템,2026-04-13 02:32:00,incremental,S,,2.06
589,ERP,경영관리시스템,2026-04-14 02:02:00,incremental,S,,3.51
590,ERP,경영관리시스템,2026-04-15 02:47:00,incremental,S,,1.97
591,ERP,경영관리시스템,2026-04-16 02:39:00,incremental,S,,2.09
592,ERP,경영관리시스템,2026-04-17 02:12:00,incremental,S,,2.27
593,ERP,경영관리시스템,2026-04-18 02:03:00,incremental,S,,3.51
594,ERP,경영관리시스템,2026-04-19 02:05:00,full,S,N,8.98
595,ERP,경영관리시스템,2026-04-20 02:53:00,incremental,S,,3.64
596,ERP,경영관리시스템,2026-04-21 02:09:00,incremental,S,,3.92
597,ERP,경영관리시스템,2026-04-22 02:49:00,incremental,S,,1.3
598,ERP,경영관리시스템,2026-04-23 02:45:00,incremental,S,,0.76
599,ERP,경영관리시스템,2026-04-24 02:13:00,incremental,S,,3.09
600,ERP,경영관리시스템,2026-04-25 02:23:00,incremental,S,,4.16
601,ERP,경영관리시스템,2026-04-26 02:26:00,full,S,N,21.32
602,ERP,경영관리시스템,2026-04-27 02:20:00,incremental,S,,3.06
603,ERP,경영관리시스템,2026-04-28 02:23:00,incremental,S,,3.48
604,ERP,경영관리시스템,2026-04-29 02:33:00,incremental,S,,3.79
605,ERP,경영관리시스템,2026-04-30 02:59:00,incremental,S,,3.09
606,ERP,경영관리시스템,2026-05-01 02:37:00,incremental,S,,3.28
607,ERP,경영관리시스템,2026-05-02 02:09:00,incremental,S,,1.2
608,ERP,경영관리시스템,2026-05-03 02:47:00,full,F,Y,23.12
609,ERP,경영관리시스템,2026-05-04 02:11:00,incremental,S,,3.01
610,ERP,경영관리시스템,2026-05-05 02:06:00,incremental,S,,3.07
611,ERP,경영관리시스템,2026-05-06 02:44:00,incremental,S,,2.94
612,ERP,경영관리시스템,2026-05-07 02:01:00,incremental,S,,2.89
613,ERP,경영관리시스템,2026-05-08 02:36:00,incremental,S,,4.21
614,ERP,경영관리시스템,2026-05-09 02:24:00,incremental,S,,4.56
615,ERP,경영관리시스템,2026-05-10 02:16:00,full,S,Y,35.95
616,ERP,경영관리시스템,2026-05-11 02:52:00,incremental,F,,3.8
617,ERP,경영관리시스템,2026-05-12 02:08:00,incremental,S,,2.08
618,ERP,경영관리시스템,2026-05-13 02:17:00,incremental,S,,0.57
619,ERP,경영관리시스템,2026-05-14 02:33:00,incremental,S,,0.9
620,ERP,경영관리시스템,2026-05-15 02:22:00,incremental,S,,3.1
621,ERP,경영관리시스템,2026-05-16 02:58:00,incremental,S,,2.1
622,ERP,경영관리시스템,2026-05-17 02:44:00,full,S,Y,29.03
623,ERP,경영관리시스템,2026-05-18 02:44:00,incremental,S,,4.22
624,ERP,경영관리시스템,2026-05-19 02:23:00,incremental,S,,3.08
625,ERP,경영관리시스템,2026-05-20 02:13:00,incremental,S,,3.16
626,ERP,경영관리시스템,2026-05-21 02:08:00,incremental,S,,2.76
627,ERP,경영관리시스템,2026-05-22 02:41:00,incremental,S,,4.91
628,ERP,경영관리시스템,2026-05-23 02:10:00,incremental,S,,0.9
629,ERP,경영관리시스템,2026-05-24 02:10:00,full,S,Y,31.09
630,ERP,경영관리시스템,2026-05-25 02:52:00,incremental,S,,4.24
631,ERP,경영관리시스템,2026-05-26 02:45:00,incremental,S,,4.11
632,ERP,경영관리시스템,2026-05-27 02:51:00,incremental,S,,1.01
633,ERP,경영관리시스템,2026-05-28 02:06:00,incremental,S,,3.49
634,ERP,경영관리시스템,2026-05-29 02:01:00,incremental,S,,1.88
635,ERP,경영관리시스템,2026-05-30 02:33:00,incremental,S,,2.59
636,ERP,경영관리시스템,2026-05-31 02:42:00,full,S,Y,34.0
637,DW,데이터웨어하우스,2025-11-01 02:13:00,incremental,S,,4.64
638,DW,데이터웨어하우스,2025-11-02 02:53:00,full,S,Y,28.01
639,DW,데이터웨어하우스,2025-11-03 02:41:00,incremental,S,,0.59
640,DW,데이터웨어하우스,2025-11-04 02:47:00,incremental,S,,3.14
641,DW,데이터웨어하우스,2025-11-05 02:58:00,incremental,S,,2.38
642,DW,데이터웨어하우스,2025-11-06 02:39:00,incremental,S,,1.49
643,DW,데이터웨어하우스,2025-11-07 02:09:00,incremental,S,,4.17
644,DW,데이터웨어하우스,2025-11-08 02:22:00,incremental,S,,2.75
645,DW,데이터웨어하우스,2025-11-09 02:13:00,full,S,Y,21.37
646,DW,데이터웨어하우스,2025-11-10 02:36:00,incremental,S,,4.18
647,DW,데이터웨어하우스,2025-11-11 02:00:00,incremental,S,,2.53
648,DW,데이터웨어하우스,2025-11-12 02:28:00,incremental,S,,1.79
649,DW,데이터웨어하우스,2025-11-13 02:28:00,incremental,S,,0.88
650,DW,데이터웨어하우스,2025-11-14 02:44:00,incremental,S,,1.72
651,DW,데이터웨어하우스,2025-11-15 02:38:00,incremental,S,,3.0
652,DW,데이터웨어하우스,2025-11-16 02:04:00,full,F,Y,11.05
653,DW,데이터웨어하우스,2025-11-17 02:33:00,incremental,S,,4.14
654,DW,데이터웨어하우스,2025-11-18 02:50:00,incremental,S,,3.13
655,DW,데이터웨어하우스,2025-11-19 02:38:00,incremental,S,,4.66
656,DW,데이터웨어하우스,2025-11-20 02:35:00,incremental,S,,0.9
657,DW,데이터웨어하우스,2025-11-21 02:52:00,incremental,S,,1.7
658,DW,데이터웨어하우스,2025-11-22 02:28:00,incremental,S,,2.1
659,DW,데이터웨어하우스,2025-11-23 02:11:00,full,S,Y,29.19
660,DW,데이터웨어하우스,2025-11-24 02:43:00,incremental,S,,0.79
661,DW,데이터웨어하우스,2025-11-25 02:15:00,incremental,S,,0.95
662,DW,데이터웨어하우스,2025-11-26 02:55:00,incremental,S,,2.43
663,DW,데이터웨어하우스,2025-11-27 02:31:00,incremental,S,,1.09
664,DW,데이터웨어하우스,2025-11-28 02:20:00,incremental,S,,1.4
665,DW,데이터웨어하우스,2025-11-29 02:18:00,incremental,S,,2.52
666,DW,데이터웨어하우스,2025-11-30 02:41:00,full,S,Y,45.59
667,DW,데이터웨어하우스,2025-12-01 02:22:00,incremental,S,,4.8
668,DW,데이터웨어하우스,2025-12-02 02:41:00,incremental,S,,1.17
669,DW,데이터웨어하우스,2025-12-03 02:53:00,incremental,S,,4.55
670,DW,데이터웨어하우스,2025-12-04 02:36:00,incremental,S,,3.38
671,DW,데이터웨어하우스,2025-12-05 02:07:00,incremental,S,,3.58
672,DW,데이터웨어하우스,2025-12-06 02:41:00,incremental,S,,2.56
673,DW,데이터웨어하우스,2025-12-07 02:45:00,full,S,Y,35.56
674,DW,데이터웨어하우스,2025-12-08 02:31:00,incremental,S,,3.54
675,DW,데이터웨어하우스,2025-12-09 02:26:00,incremental,S,,2.27
676,DW,데이터웨어하우스,2025-12-10 02:30:00,incremental,S,,1.67
677,DW,데이터웨어하우스,2025-12-11 02:12:00,incremental,S,,4.36
678,DW,데이터웨어하우스,2025-12-12 02:48:00,incremental,S,,2.85
679,DW,데이터웨어하우스,2025-12-13 02:45:00,incremental,S,,2.28
680,DW,데이터웨어하우스,2025-12-14 02:18:00,full,S,Y,46.96
681,DW,데이터웨어하우스,2025-12-15 02:48:00,incremental,S,,2.23
682,DW,데이터웨어하우스,2025-12-16 02:13:00,incremental,S,,3.06
683,DW,데이터웨어하우스,2025-12-17 02:45:00,incremental,S,,4.24
684,DW,데이터웨어하우스,2025-12-18 02:34:00,incremental,S,,2.31
685,DW,데이터웨어하우스,2025-12-19 02:44:00,incremental,S,,0.54
686,DW,데이터웨어하우스,2025-12-20 02:03:00,incremental,S,,2.65
687,DW,데이터웨어하우스,2025-12-21 02:01:00,full,S,Y,32.98
688,DW,데이터웨어하우스,2025-12-22 02:32:00,incremental,S,,2.88
689,DW,데이터웨어하우스,2025-12-23 02:05:00,incremental,S,,2.44
690,DW,데이터웨어하우스,2025-12-24 02:13:00,incremental,S,,3.8
691,DW,데이터웨어하우스,2025-12-25 02:00:00,incremental,S,,3.11
692,DW,데이터웨어하우스,2025-12-26 02:32:00,incremental,S,,2.45
693,DW,데이터웨어하우스,2025-12-27 02:21:00,incremental,S,,3.06
694,DW,데이터웨어하우스,2025-12-28 02:15:00,full,S,Y,17.19
695,DW,데이터웨어하우스,2025-12-29 02:57:00,incremental,S,,2.8
696,DW,데이터웨어하우스,2025-12-30 02:40:00,incremental,S,,2.91
697,DW,데이터웨어하우스,2025-12-31 02:04:00,incremental,S,,3.42
698,DW,데이터웨어하우스,2026-01-01 02:52:00,incremental,S,,3.77
699,DW,데이터웨어하우스,2026-01-02 02:39:00,incremental,S,,4.47
700,DW,데이터웨어하우스,2026-01-03 02:30:00,incremental,S,,3.28
701,DW,데이터웨어하우스,2026-01-04 02:52:00,full,S,Y,36.88
702,DW,데이터웨어하우스,2026-01-05 02:59:00,incremental,S,,1.04
703,DW,데이터웨어하우스,2026-01-06 02:38:00,incremental,S,,3.84
704,DW,데이터웨어하우스,2026-01-07 02:39:00,incremental,S,,4.57
705,DW,데이터웨어하우스,2026-01-08 02:17:00,incremental,S,,4.19
706,DW,데이터웨어하우스,2026-01-09 02:28:00,incremental,S,,2.4
707,DW,데이터웨어하우스,2026-01-10 02:28:00,incremental,S,,4.65
708,DW,데이터웨어하우스,2026-01-11 02:44:00,full,S,Y,22.09
709,DW,데이터웨어하우스,2026-01-12 02:03:00,incremental,S,,1.11
710,DW,데이터웨어하우스,2026-01-13 02:16:00,incremental,S,,2.16
711,DW,데이터웨어하우스,2026-01-14 02:26:00,incremental,S,,4.16
712,DW,데이터웨어하우스,2026-01-15 02:20:00,incremental,S,,2.85
713,DW,데이터웨어하우스,2026-01-16 02:17:00,incremental,S,,3.14
714,DW,데이터웨어하우스,2026-01-17 02:41:00,incremental,S,,0.52
715,DW,데이터웨어하우스,2026-01-18 02:40:00,full,S,Y,44.64
716,DW,데이터웨어하우스,2026-01-19 02:47:00,incremental,S,,4.53
717,DW,데이터웨어하우스,2026-01-20 02:37:00,incremental,S,,4.49
718,DW,데이터웨어하우스,2026-01-21 02:21:00,incremental,S,,1.34
719,DW,데이터웨어하우스,2026-01-22 02:04:00,incremental,S,,0.82
720,DW,데이터웨어하우스,2026-01-23 02:11:00,incremental,S,,3.7
721,DW,데이터웨어하우스,2026-01-24 02:24:00,incremental,S,,2.28
722,DW,데이터웨어하우스,2026-01-25 02:16:00,full,S,Y,45.46
723,DW,데이터웨어하우스,2026-01-26 02:18:00,incremental,S,,2.23
724,DW,데이터웨어하우스,2026-01-27 02:49:00,incremental,S,,1.73
725,DW,데이터웨어하우스,2026-01-28 02:24:00,incremental,S,,1.2
726,DW,데이터웨어하우스,2026-01-29 02:06:00,incremental,S,,2.54
727,DW,데이터웨어하우스,2026-01-30 02:37:00,incremental,S,,1.37
728,DW,데이터웨어하우스,2026-01-31 02:04:00,incremental,S,,4.62
729,DW,데이터웨어하우스,2026-02-01 02:58:00,full,S,Y,32.4
730,DW,데이터웨어하우스,2026-02-02 02:56:00,incremental,S,,2.34
731,DW,데이터웨어하우스,2026-02-03 02:52:00,incremental,S,,2.74
732,DW,데이터웨어하우스,2026-02-04 02:26:00,incremental,S,,0.65
733,DW,데이터웨어하우스,2026-02-05 02:54:00,incremental,S,,3.76
734,DW,데이터웨어하우스,2026-02-06 02:40:00,incremental,S,,3.99
735,DW,데이터웨어하우스,2026-02-07 02:04:00,incremental,S,,3.49
736,DW,데이터웨어하우스,2026-02-08 02:54:00,full,S,Y,42.76
737,DW,데이터웨어하우스,2026-02-09 02:57:00,incremental,S,,2.02
738,DW,데이터웨어하우스,2026-02-10 02:04:00,incremental,S,,4.94
739,DW,데이터웨어하우스,2026-02-11 02:31:00,incremental,S,,3.07
740,DW,데이터웨어하우스,2026-02-12 02:46:00,incremental,S,,0.58
741,DW,데이터웨어하우스,2026-02-13 02:03:00,incremental,S,,2.33
742,DW,데이터웨어하우스,2026-02-14 02:44:00,incremental,S,,4.31
743,DW,데이터웨어하우스,2026-02-15 02:51:00,full,S,Y,32.32
744,DW,데이터웨어하우스,2026-02-16 02:47:00,incremental,S,,3.9
745,DW,데이터웨어하우스,2026-02-17 02:18:00,incremental,S,,3.53
746,DW,데이터웨어하우스,2026-02-18 02:50:00,incremental,S,,2.83
747,DW,데이터웨어하우스,2026-02-19 02:10:00,incremental,S,,1.06
748,DW,데이터웨어하우스,2026-02-20 02:56:00,incremental,S,,0.83
749,DW,데이터웨어하우스,2026-02-21 02:22:00,incremental,S,,3.31
750,DW,데이터웨어하우스,2026-02-22 02:16:00,full,S,Y,24.83
751,DW,데이터웨어하우스,2026-02-23 02:43:00,incremental,S,,1.8
752,DW,데이터웨어하우스,2026-02-24 02:57:00,incremental,S,,4.55
753,DW,데이터웨어하우스,2026-02-25 02:44:00,incremental,S,,0.73
754,DW,데이터웨어하우스,2026-02-26 02:01:00,incremental,S,,1.01
755,DW,데이터웨어하우스,2026-02-27 02:29:00,incremental,S,,4.98
756,DW,데이터웨어하우스,2026-02-28 02:33:00,incremental,S,,4.06
757,DW,데이터웨어하우스,2026-03-01 02:40:00,full,S,Y,5.38
758,DW,데이터웨어하우스,2026-03-02 02:18:00,incremental,S,,2.84
759,DW,데이터웨어하우스,2026-03-03 02:31:00,incremental,S,,4.9
760,DW,데이터웨어하우스,2026-03-04 02:44:00,incremental,S,,2.18
761,DW,데이터웨어하우스,2026-03-05 02:55:00,incremental,S,,1.87
762,DW,데이터웨어하우스,2026-03-06 02:03:00,incremental,S,,1.24
763,DW,데이터웨어하우스,2026-03-07 02:04:00,incremental,S,,3.12
764,DW,데이터웨어하우스,2026-03-08 02:56:00,full,S,Y,6.76
765,DW,데이터웨어하우스,2026-03-09 02:58:00,incremental,S,,0.65
766,DW,데이터웨어하우스,2026-03-10 02:21:00,incremental,S,,1.74
767,DW,데이터웨어하우스,2026-03-11 02:15:00,incremental,S,,2.86
768,DW,데이터웨어하우스,2026-03-12 02:46:00,incremental,S,,4.13
769,DW,데이터웨어하우스,2026-03-13 02:48:00,incremental,S,,4.78
770,DW,데이터웨어하우스,2026-03-14 02:51:00,incremental,S,,0.74
771,DW,데이터웨어하우스,2026-03-15 02:34:00,full,S,Y,7.4
772,DW,데이터웨어하우스,2026-03-16 02:07:00,incremental,S,,4.13
773,DW,데이터웨어하우스,2026-03-17 02:36:00,incremental,S,,1.6
774,DW,데이터웨어하우스,2026-03-18 02:02:00,incremental,S,,4.07
775,DW,데이터웨어하우스,2026-03-19 02:44:00,incremental,S,,3.84
776,DW,데이터웨어하우스,2026-03-20 02:15:00,incremental,S,,4.97
777,DW,데이터웨어하우스,2026-03-21 02:56:00,incremental,S,,4.46
778,DW,데이터웨어하우스,2026-03-22 02:02:00,full,S,Y,16.58
779,DW,데이터웨어하우스,2026-03-23 02:35:00,incremental,S,,2.32
780,DW,데이터웨어하우스,2026-03-24 02:10:00,incremental,S,,2.05
781,DW,데이터웨어하우스,2026-03-25 02:52:00,incremental,S,,1.1
782,DW,데이터웨어하우스,2026-03-26 02:01:00,incremental,F,,2.99
783,DW,데이터웨어하우스,2026-03-27 02:13:00,incremental,S,,1.93
784,DW,데이터웨어하우스,2026-03-28 02:54:00,incremental,S,,4.99
785,DW,데이터웨어하우스,2026-03-29 02:12:00,full,S,Y,15.34
786,DW,데이터웨어하우스,2026-03-30 02:32:00,incremental,S,,3.72
787,DW,데이터웨어하우스,2026-03-31 02:34:00,incremental,S,,3.6
788,DW,데이터웨어하우스,2026-04-01 02:03:00,incremental,S,,1.01
789,DW,데이터웨어하우스,2026-04-02 02:40:00,incremental,S,,0.72
790,DW,데이터웨어하우스,2026-04-03 02:28:00,incremental,S,,2.69
791,DW,데이터웨어하우스,2026-04-04 02:35:00,incremental,S,,1.77
792,DW,데이터웨어하우스,2026-04-05 02:18:00,full,S,Y,47.23
793,DW,데이터웨어하우스,2026-04-06 02:21:00,incremental,S,,4.16
794,DW,데이터웨어하우스,2026-04-07 02:11:00,incremental,S,,4.09
795,DW,데이터웨어하우스,2026-04-08 02:07:00,incremental,S,,1.07
796,DW,데이터웨어하우스,2026-04-09 02:37:00,incremental,S,,2.99
797,DW,데이터웨어하우스,2026-04-10 02:24:00,incremental,S,,1.46
798,DW,데이터웨어하우스,2026-04-11 02:09:00,incremental,S,,2.51
799,DW,데이터웨어하우스,2026-04-12 02:33:00,full,S,Y,5.06
800,DW,데이터웨어하우스,2026-04-13 02:05:00,incremental,S,,1.41
801,DW,데이터웨어하우스,2026-04-14 02:04:00,incremental,S,,4.27
802,DW,데이터웨어하우스,2026-04-15 02:45:00,incremental,S,,4.52
803,DW,데이터웨어하우스,2026-04-16 02:46:00,incremental,S,,0.69
804,DW,데이터웨어하우스,2026-04-17 02:58:00,incremental,S,,2.47
805,DW,데이터웨어하우스,2026-04-18 02:47:00,incremental,S,,4.3
806,DW,데이터웨어하우스,2026-04-19 02:37:00,full,S,Y,47.32
807,DW,데이터웨어하우스,2026-04-20 02:11:00,incremental,S,,1.3
808,DW,데이터웨어하우스,2026-04-21 02:04:00,incremental,S,,3.23
809,DW,데이터웨어하우스,2026-04-22 02:31:00,incremental,S,,4.25
810,DW,데이터웨어하우스,2026-04-23 02:00:00,incremental,S,,2.19
811,DW,데이터웨어하우스,2026-04-24 02:37:00,incremental,S,,3.15
812,DW,데이터웨어하우스,2026-04-25 02:12:00,incremental,S,,3.82
813,DW,데이터웨어하우스,2026-04-26 02:37:00,full,S,Y,44.87
814,DW,데이터웨어하우스,2026-04-27 02:50:00,incremental,S,,4.02
815,DW,데이터웨어하우스,2026-04-28 02:18:00,incremental,S,,1.2
816,DW,데이터웨어하우스,2026-04-29 02:43:00,incremental,S,,0.67
817,DW,데이터웨어하우스,2026-04-30 02:56:00,incremental,S,,3.72
818,DW,데이터웨어하우스,2026-05-01 02:05:00,incremental,S,,4.51
819,DW,데이터웨어하우스,2026-05-02 02:16:00,incremental,S,,3.01
820,DW,데이터웨어하우스,2026-05-03 02:52:00,full,S,Y,35.96
821,DW,데이터웨어하우스,2026-05-04 02:34:00,incremental,S,,2.85
822,DW,데이터웨어하우스,2026-05-05 02:16:00,incremental,S,,4.38
823,DW,데이터웨어하우스,2026-05-06 02:43:00,incremental,S,,4.18
824,DW,데이터웨어하우스,2026-05-07 02:02:00,incremental,S,,2.53
825,DW,데이터웨어하우스,2026-05-08 02:19:00,incremental,S,,2.22
826,DW,데이터웨어하우스,2026-05-09 02:24:00,incremental,S,,1.19
827,DW,데이터웨어하우스,2026-05-10 02:31:00,full,S,Y,7.35
828,DW,데이터웨어하우스,2026-05-11 02:46:00,incremental,S,,2.39
829,DW,데이터웨어하우스,2026-05-12 02:25:00,incremental,S,,4.3
830,DW,데이터웨어하우스,2026-05-13 02:38:00,incremental,S,,2.98
831,DW,데이터웨어하우스,2026-05-14 02:39:00,incremental,S,,3.96
832,DW,데이터웨어하우스,2026-05-15 02:44:00,incremental,S,,1.61
833,DW,데이터웨어하우스,2026-05-16 02:05:00,incremental,S,,1.83
834,DW,데이터웨어하우스,2026-05-17 02:37:00,full,S,Y,21.02
835,DW,데이터웨어하우스,2026-05-18 02:03:00,incremental,S,,0.84
836,DW,데이터웨어하우스,2026-05-19 02:42:00,incremental,S,,4.97
837,DW,데이터웨어하우스,2026-05-20 02:25:00,incremental,S,,0.8
838,DW,데이터웨어하우스,2026-05-21 02:23:00,incremental,S,,0.57
839,DW,데이터웨어하우스,2026-05-22 02:52:00,incremental,S,,2.4
840,DW,데이터웨어하우스,2026-05-23 02:57:00,incremental,S,,3.4
841,DW,데이터웨어하우스,2026-05-24 02:54:00,full,S,Y,25.43
842,DW,데이터웨어하우스,2026-05-25 02:52:00,incremental,S,,2.71
843,DW,데이터웨어하우스,2026-05-26 02:08:00,incremental,S,,2.65
844,DW,데이터웨어하우스,2026-05-27 02:05:00,incremental,S,,0.67
845,DW,데이터웨어하우스,2026-05-28 02:21:00,incremental,S,,2.11
846,DW,데이터웨어하우스,2026-05-29 02:13:00,incremental,S,,1.85
847,DW,데이터웨어하우스,2026-05-30 02:47:00,incremental,S,,2.6
848,DW,데이터웨어하우스,2026-05-31 02:28:00,full,S,Y,41.79
849,DEVP,개발포털,2025-11-01 02:46:00,incremental,S,,4.99
850,DEVP,개발포털,2025-11-02 02:20:00,full,S,Y,35.87
851,DEVP,개발포털,2025-11-03 02:48:00,incremental,S,,1.87
852,DEVP,개발포털,2025-11-04 02:31:00,incremental,S,,4.36
853,DEVP,개발포털,2025-11-05 02:29:00,incremental,S,,3.19
854,DEVP,개발포털,2025-11-06 02:26:00,incremental,S,,3.21
855,DEVP,개발포털,2025-11-07 02:39:00,incremental,S,,0.73
856,DEVP,개발포털,2025-11-08 02:36:00,incremental,S,,2.73
857,DEVP,개발포털,2025-11-09 02:02:00,full,S,N,30.45
858,DEVP,개발포털,2025-11-10 02:22:00,incremental,S,,2.97
859,DEVP,개발포털,2025-11-11 02:49:00,incremental,S,,4.13
860,DEVP,개발포털,2025-11-12 02:00:00,incremental,S,,3.47
861,DEVP,개발포털,2025-11-13 02:45:00,incremental,S,,4.91
862,DEVP,개발포털,2025-11-14 02:46:00,incremental,S,,2.86
863,DEVP,개발포털,2025-11-15 02:30:00,incremental,S,,4.02
864,DEVP,개발포털,2025-11-16 02:09:00,full,S,Y,23.7
865,DEVP,개발포털,2025-11-17 02:08:00,incremental,S,,1.28
866,DEVP,개발포털,2025-11-18 02:36:00,incremental,S,,2.47
867,DEVP,개발포털,2025-11-19 02:37:00,incremental,S,,3.46
868,DEVP,개발포털,2025-11-20 02:56:00,incremental,S,,0.68
869,DEVP,개발포털,2025-11-21 02:39:00,incremental,S,,3.54
870,DEVP,개발포털,2025-11-22 02:15:00,incremental,F,,4.12
871,DEVP,개발포털,2025-11-23 02:58:00,full,S,Y,31.39
872,DEVP,개발포털,2025-11-24 02:37:00,incremental,S,,3.78
873,DEVP,개발포털,2025-11-25 02:29:00,incremental,S,,4.46
874,DEVP,개발포털,2025-11-26 02:02:00,incremental,S,,3.15
875,DEVP,개발포털,2025-11-27 02:54:00,incremental,S,,1.25
876,DEVP,개발포털,2025-11-28 02:15:00,incremental,S,,1.93
877,DEVP,개발포털,2025-11-29 02:27:00,incremental,S,,2.58
878,DEVP,개발포털,2025-11-30 02:52:00,full,S,Y,31.64
879,DEVP,개발포털,2025-12-01 02:52:00,incremental,S,,0.82
880,DEVP,개발포털,2025-12-02 02:38:00,incremental,S,,2.63
881,DEVP,개발포털,2025-12-03 02:06:00,incremental,S,,2.9
882,DEVP,개발포털,2025-12-04 02:44:00,incremental,S,,4.35
883,DEVP,개발포털,2025-12-05 02:24:00,incremental,S,,1.15
884,DEVP,개발포털,2025-12-06 02:19:00,incremental,S,,1.4
885,DEVP,개발포털,2025-12-07 02:44:00,full,S,Y,22.23
886,DEVP,개발포털,2025-12-08 02:16:00,incremental,S,,3.06
887,DEVP,개발포털,2025-12-09 02:46:00,incremental,S,,2.44
888,DEVP,개발포털,2025-12-10 02:45:00,incremental,S,,1.54
889,DEVP,개발포털,2025-12-11 02:13:00,incremental,S,,1.36
890,DEVP,개발포털,2025-12-12 02:40:00,incremental,S,,3.74
891,DEVP,개발포털,2025-12-13 02:57:00,incremental,S,,1.44
892,DEVP,개발포털,2025-12-14 02:37:00,full,S,Y,48.96
893,DEVP,개발포털,2025-12-15 02:31:00,incremental,S,,4.0
894,DEVP,개발포털,2025-12-16 02:51:00,incremental,S,,4.98
895,DEVP,개발포털,2025-12-17 02:21:00,incremental,S,,3.9
896,DEVP,개발포털,2025-12-18 02:19:00,incremental,S,,3.4
897,DEVP,개발포털,2025-12-19 02:35:00,incremental,S,,4.49
898,DEVP,개발포털,2025-12-20 02:45:00,incremental,S,,1.95
899,DEVP,개발포털,2025-12-21 02:08:00,full,S,Y,23.96
900,DEVP,개발포털,2025-12-22 02:18:00,incremental,S,,3.45
901,DEVP,개발포털,2025-12-23 02:49:00,incremental,S,,2.19
902,DEVP,개발포털,2025-12-24 02:52:00,incremental,S,,4.65
903,DEVP,개발포털,2025-12-25 02:01:00,incremental,S,,2.21
904,DEVP,개발포털,2025-12-26 02:47:00,incremental,S,,4.08
905,DEVP,개발포털,2025-12-27 02:38:00,incremental,S,,4.66
906,DEVP,개발포털,2025-12-28 02:06:00,full,S,Y,17.67
907,DEVP,개발포털,2025-12-29 02:48:00,incremental,S,,0.51
908,DEVP,개발포털,2025-12-30 02:52:00,incremental,S,,2.22
909,DEVP,개발포털,2025-12-31 02:42:00,incremental,S,,4.67
910,DEVP,개발포털,2026-01-01 02:02:00,incremental,S,,4.88
911,DEVP,개발포털,2026-01-02 02:32:00,incremental,S,,3.56
912,DEVP,개발포털,2026-01-03 02:37:00,incremental,S,,1.15
913,DEVP,개발포털,2026-01-04 02:47:00,full,S,Y,35.18
914,DEVP,개발포털,2026-01-05 02:33:00,incremental,S,,3.81
915,DEVP,개발포털,2026-01-06 02:56:00,incremental,S,,4.64
916,DEVP,개발포털,2026-01-07 02:52:00,incremental,S,,1.6
917,DEVP,개발포털,2026-01-08 02:39:00,incremental,S,,1.54
918,DEVP,개발포털,2026-01-09 02:45:00,incremental,S,,1.25
919,DEVP,개발포털,2026-01-10 02:52:00,incremental,S,,1.42
920,DEVP,개발포털,2026-01-11 02:54:00,full,S,Y,43.98
921,DEVP,개발포털,2026-01-12 02:20:00,incremental,S,,3.55
922,DEVP,개발포털,2026-01-13 02:14:00,incremental,S,,1.89
923,DEVP,개발포털,2026-01-14 02:38:00,incremental,S,,0.83
924,DEVP,개발포털,2026-01-15 02:08:00,incremental,S,,0.51
925,DEVP,개발포털,2026-01-16 02:05:00,incremental,S,,1.99
926,DEVP,개발포털,2026-01-17 02:01:00,incremental,S,,3.36
927,DEVP,개발포털,2026-01-18 02:22:00,full,S,N,15.69
928,DEVP,개발포털,2026-01-19 02:25:00,incremental,S,,1.7
929,DEVP,개발포털,2026-01-20 02:15:00,incremental,S,,2.72
930,DEVP,개발포털,2026-01-21 02:47:00,incremental,S,,4.01
931,DEVP,개발포털,2026-01-22 02:52:00,incremental,S,,1.29
932,DEVP,개발포털,2026-01-23 02:04:00,incremental,S,,4.43
933,DEVP,개발포털,2026-01-24 02:45:00,incremental,S,,0.69
934,DEVP,개발포털,2026-01-25 02:07:00,full,S,Y,44.02
935,DEVP,개발포털,2026-01-26 02:50:00,incremental,S,,3.67
936,DEVP,개발포털,2026-01-27 02:42:00,incremental,S,,1.29
937,DEVP,개발포털,2026-01-28 02:38:00,incremental,S,,2.9
938,DEVP,개발포털,2026-01-29 02:47:00,incremental,S,,1.77
939,DEVP,개발포털,2026-01-30 02:11:00,incremental,S,,4.32
940,DEVP,개발포털,2026-01-31 02:08:00,incremental,S,,3.22
941,DEVP,개발포털,2026-02-01 02:01:00,full,S,Y,11.58
942,DEVP,개발포털,2026-02-02 02:43:00,incremental,S,,2.41
943,DEVP,개발포털,2026-02-03 02:05:00,incremental,S,,3.48
944,DEVP,개발포털,2026-02-04 02:59:00,incremental,S,,2.66
945,DEVP,개발포털,2026-02-05 02:09:00,incremental,S,,1.93
946,DEVP,개발포털,2026-02-06 02:14:00,incremental,S,,1.94
947,DEVP,개발포털,2026-02-07 02:15:00,incremental,S,,1.83
948,DEVP,개발포털,2026-02-08 02:03:00,full,S,Y,37.35
949,DEVP,개발포털,2026-02-09 02:25:00,incremental,S,,3.66
950,DEVP,개발포털,2026-02-10 02:08:00,incremental,S,,3.28
951,DEVP,개발포털,2026-02-11 02:38:00,incremental,S,,2.22
952,DEVP,개발포털,2026-02-12 02:07:00,incremental,S,,2.57
953,DEVP,개발포털,2026-02-13 02:32:00,incremental,S,,3.36
954,DEVP,개발포털,2026-02-14 02:13:00,incremental,S,,2.87
955,DEVP,개발포털,2026-02-15 02:25:00,full,S,Y,47.76
956,DEVP,개발포털,2026-02-16 02:20:00,incremental,S,,2.42
957,DEVP,개발포털,2026-02-17 02:10:00,incremental,S,,2.81
958,DEVP,개발포털,2026-02-18 02:48:00,incremental,S,,2.5
959,DEVP,개발포털,2026-02-19 02:40:00,incremental,S,,2.41
960,DEVP,개발포털,2026-02-20 02:27:00,incremental,S,,2.52
961,DEVP,개발포털,2026-02-21 02:47:00,incremental,S,,3.96
962,DEVP,개발포털,2026-02-22 02:26:00,full,S,Y,41.21
963,DEVP,개발포털,2026-02-23 02:31:00,incremental,S,,4.36
964,DEVP,개발포털,2026-02-24 02:41:00,incremental,S,,3.62
965,DEVP,개발포털,2026-02-25 02:06:00,incremental,S,,3.2
966,DEVP,개발포털,2026-02-26 02:49:00,incremental,S,,4.27
967,DEVP,개발포털,2026-02-27 02:27:00,incremental,S,,3.78
968,DEVP,개발포털,2026-02-28 02:34:00,incremental,S,,3.81
969,DEVP,개발포털,2026-03-01 02:25:00,full,S,Y,9.73
970,DEVP,개발포털,2026-03-02 02:56:00,incremental,S,,1.98
971,DEVP,개발포털,2026-03-03 02:20:00,incremental,S,,0.83
972,DEVP,개발포털,2026-03-04 02:10:00,incremental,S,,4.51
973,DEVP,개발포털,2026-03-05 02:37:00,incremental,S,,4.78
974,DEVP,개발포털,2026-03-06 02:11:00,incremental,S,,0.86
975,DEVP,개발포털,2026-03-07 02:15:00,incremental,S,,3.31
976,DEVP,개발포털,2026-03-08 02:41:00,full,S,Y,39.8
977,DEVP,개발포털,2026-03-09 02:50:00,incremental,S,,1.87
978,DEVP,개발포털,2026-03-10 02:08:00,incremental,S,,4.81
979,DEVP,개발포털,2026-03-11 02:53:00,incremental,S,,3.19
980,DEVP,개발포털,2026-03-12 02:34:00,incremental,S,,3.01
981,DEVP,개발포털,2026-03-13 02:48:00,incremental,S,,1.56
982,DEVP,개발포털,2026-03-14 02:35:00,incremental,S,,3.45
983,DEVP,개발포털,2026-03-15 02:16:00,full,S,Y,5.0
984,DEVP,개발포털,2026-03-16 02:48:00,incremental,S,,1.58
985,DEVP,개발포털,2026-03-17 02:59:00,incremental,S,,1.54
986,DEVP,개발포털,2026-03-18 02:44:00,incremental,S,,1.98
987,DEVP,개발포털,2026-03-19 02:18:00,incremental,S,,4.58
988,DEVP,개발포털,2026-03-20 02:48:00,incremental,S,,3.55
989,DEVP,개발포털,2026-03-21 02:18:00,incremental,S,,4.97
990,DEVP,개발포털,2026-03-22 02:52:00,full,S,Y,35.37
991,DEVP,개발포털,2026-03-23 02:19:00,incremental,S,,1.29
992,DEVP,개발포털,2026-03-24 02:20:00,incremental,S,,1.99
993,DEVP,개발포털,2026-03-25 02:47:00,incremental,S,,2.33
994,DEVP,개발포털,2026-03-26 02:30:00,incremental,S,,1.38
995,DEVP,개발포털,2026-03-27 02:41:00,incremental,S,,0.52
996,DEVP,개발포털,2026-03-28 02:55:00,incremental,S,,0.78
997,DEVP,개발포털,2026-03-29 02:47:00,full,S,Y,10.03
998,DEVP,개발포털,2026-03-30 02:25:00,incremental,S,,2.07
999,DEVP,개발포털,2026-03-31 02:27:00,incremental,S,,4.22
1000,DEVP,개발포털,2026-04-01 02:16:00,incremental,S,,2.38
1001,DEVP,개발포털,2026-04-02 02:28:00,incremental,S,,4.07
1002,DEVP,개발포털,2026-04-03 02:57:00,incremental,S,,3.22
1003,DEVP,개발포털,2026-04-04 02:38:00,incremental,S,,4.39
1004,DEVP,개발포털,2026-04-05 02:20:00,full,S,Y,9.35
1005,DEVP,개발포털,2026-04-06 02:31:00,incremental,S,,2.55
1006,DEVP,개발포털,2026-04-07 02:14:00,incremental,S,,2.83
1007,DEVP,개발포털,2026-04-08 02:37:00,incremental,S,,4.4
1008,DEVP,개발포털,2026-04-09 02:07:00,incremental,S,,2.31
1009,DEVP,개발포털,2026-04-10 02:17:00,incremental,S,,1.26
1010,DEVP,개발포털,2026-04-11 02:54:00,incremental,S,,3.9
1011,DEVP,개발포털,2026-04-12 02:52:00,full,S,Y,49.13
1012,DEVP,개발포털,2026-04-13 02:13:00,incremental,S,,3.48
1013,DEVP,개발포털,2026-04-14 02:42:00,incremental,F,,4.34
1014,DEVP,개발포털,2026-04-15 02:38:00,incremental,S,,1.67
1015,DEVP,개발포털,2026-04-16 02:40:00,incremental,S,,4.8
1016,DEVP,개발포털,2026-04-17 02:57:00,incremental,S,,3.18
1017,DEVP,개발포털,2026-04-18 02:21:00,incremental,S,,3.66
1018,DEVP,개발포털,2026-04-19 02:33:00,full,F,Y,12.14
1019,DEVP,개발포털,2026-04-20 02:12:00,incremental,S,,2.52
1020,DEVP,개발포털,2026-04-21 02:03:00,incremental,S,,4.91
1021,DEVP,개발포털,2026-04-22 02:31:00,incremental,S,,2.73
1022,DEVP,개발포털,2026-04-23 02:46:00,incremental,S,,4.39
1023,DEVP,개발포털,2026-04-24 02:20:00,incremental,S,,4.86
1024,DEVP,개발포털,2026-04-25 02:54:00,incremental,S,,4.64
1025,DEVP,개발포털,2026-04-26 02:16:00,full,S,Y,37.44
1026,DEVP,개발포털,2026-04-27 02:16:00,incremental,S,,4.72
1027,DEVP,개발포털,2026-04-28 02:48:00,incremental,S,,1.97
1028,DEVP,개발포털,2026-04-29 02:13:00,incremental,S,,1.64
1029,DEVP,개발포털,2026-04-30 02:24:00,incremental,S,,4.61
1030,DEVP,개발포털,2026-05-01 02:25:00,incremental,S,,0.62
1031,DEVP,개발포털,2026-05-02 02:51:00,incremental,S,,3.05
1032,DEVP,개발포털,2026-05-03 02:47:00,full,S,Y,14.59
1033,DEVP,개발포털,2026-05-04 02:28:00,incremental,S,,0.52
1034,DEVP,개발포털,2026-05-05 02:24:00,incremental,S,,2.61
1035,DEVP,개발포털,2026-05-06 02:44:00,incremental,S,,0.63
1036,DEVP,개발포털,2026-05-07 02:30:00,incremental,S,,2.08
1037,DEVP,개발포털,2026-05-08 02:39:00,incremental,F,,3.43
1038,DEVP,개발포털,2026-05-09 02:16:00,incremental,F,,3.34
1039,DEVP,개발포털,2026-05-10 02:44:00,full,S,Y,36.96
1040,DEVP,개발포털,2026-05-11 02:58:00,incremental,S,,0.94
1041,DEVP,개발포털,2026-05-12 02:23:00,incremental,S,,1.09
1042,DEVP,개발포털,2026-05-13 02:16:00,incremental,S,,0.55
1043,DEVP,개발포털,2026-05-14 02:55:00,incremental,S,,2.69
1044,DEVP,개발포털,2026-05-15 02:14:00,incremental,S,,4.72
1045,DEVP,개발포털,2026-05-16 02:13:00,incremental,S,,0.93
1046,DEVP,개발포털,2026-05-17 02:03:00,full,S,N,22.44
1047,DEVP,개발포털,2026-05-18 02:10:00,incremental,S,,3.4
1048,DEVP,개발포털,2026-05-19 02:25:00,incremental,S,,2.92
1049,DEVP,개발포털,2026-05-20 02:14:00,incremental,S,,2.54
1050,DEVP,개발포털,2026-05-21 02:15:00,incremental,F,,1.98
1051,DEVP,개발포털,2026-05-22 02:20:00,incremental,S,,3.39
1052,DEVP,개발포털,2026-05-23 02:33:00,incremental,S,,1.4
1053,DEVP,개발포털,2026-05-24 02:19:00,full,S,Y,9.24
1054,DEVP,개발포털,2026-05-25 02:57:00,incremental,S,,4.05
1055,DEVP,개발포털,2026-05-26 02:27:00,incremental,S,,4.53
1056,DEVP,개발포털,2026-05-27 02:36:00,incremental,S,,3.14
1057,DEVP,개발포털,2026-05-28 02:51:00,incremental,S,,3.28
1058,DEVP,개발포털,2026-05-29 02:47:00,incremental,S,,1.07
1059,DEVP,개발포털,2026-05-30 02:34:00,incremental,S,,2.76
1060,DEVP,개발포털,2026-05-31 02:19:00,full,S,Y,26.83
