emp_id,emp_no,emp_nm,dept_cd,dept_nm,job_grade,position_nm,role_type,hire_dt,resign_dt,yn_employed,emp_email
10013,A210001,이영진,D001,IT개발1팀,사원,일반,developer,2021-01-15,,Y,10013@company.com
10018,A200001,박은경,D003,IT운영팀,차장,파트장,operator,2020-12-25,,Y,10018@company.com
10055,A220001,박영자,D010,준법감시팀,대리,일반,business,2022-06-23,,Y,10055@company.com
10070,A240001,박예원,D007,리스크관리팀,차장,파트장,business,2024-04-02,,Y,10070@company.com
10106,A170001,강현주,D003,IT운영팀,과장,일반,operator,2017-10-17,,Y,10106@company.com
10116,A180001,김지훈,D003,IT운영팀,사원,일반,operator,2018-02-05,,Y,10116@company.com
10212,A240002,박경자,D003,IT운영팀,부장,팀장,operator,2024-11-20,,Y,10212@company.com
10235,A200002,김성수,D009,심사팀,차장,파트장,business,2020-02-16,,Y,10235@company.com
10256,A240003,김상호,D003,IT운영팀,대리,일반,operator,2024-04-20,2026-01-30,N,10256@company.com
10305,A250001,강영환,D011,기획팀,대리,일반,business,2025-08-21,,Y,10305@company.com
10316,A200003,김준영,D004,정보보안팀,대리,일반,security,2020-07-08,,Y,10316@company.com
10376,A180002,김정식,D006,영업2팀,차장,파트장,business,2018-06-16,,Y,10376@company.com
10483,A220002,김우진,D005,영업1팀,과장,일반,business,2022-10-18,,Y,10483@company.com
10638,A250002,김준호,D003,IT운영팀,사원,일반,operator,2025-01-27,,Y,10638@company.com
10689,A200004,김재현,D007,리스크관리팀,사원,일반,business,2020-11-12,,Y,10689@company.com
10775,A200005,홍수민,D006,영업2팀,대리,일반,business,2020-02-11,,Y,10775@company.com
10800,A180003,민영자,D001,IT개발1팀,대리,일반,developer,2018-12-05,,Y,10800@company.com
10812,A240004,김지우,D003,IT운영팀,대리,일반,operator,2024-11-06,,Y,10812@company.com
10819,A180004,오종수,D002,IT개발2팀,대리,일반,developer,2018-05-20,,Y,10819@company.com
10869,A200006,김준호,D008,경영지원팀,사원,일반,business,2020-09-19,2024-02-21,N,10869@company.com
10904,A240005,박혜진,D008,경영지원팀,사원,일반,business,2024-08-08,,Y,10904@company.com
10976,A200007,안현우,D012,고객서비스팀,과장,일반,business,2020-12-13,,Y,10976@company.com
11029,A250003,이은주,D001,IT개발1팀,과장,일반,developer,2025-09-07,,Y,11029@company.com
11041,A240006,홍은경,D009,심사팀,사원,일반,business,2024-06-06,,Y,11041@company.com
11051,A210002,김정호,D005,영업1팀,부장,팀장,business,2021-07-22,,Y,11051@company.com
11180,A250004,최옥자,D002,IT개발2팀,사원,일반,developer,2025-01-29,,Y,11180@company.com
11253,A220003,최수진,D009,심사팀,부장,팀장,business,2022-06-04,2023-09-17,N,11253@company.com
11268,A180005,최혜진,D005,영업1팀,차장,파트장,business,2018-03-12,,Y,11268@company.com
11302,A250005,김성수,D013,자산운용팀,대리,일반,business,2025-05-29,,Y,11302@company.com
11307,A200008,김정순,D001,IT개발1팀,과장,일반,developer,2020-01-04,2026-01-01,N,11307@company.com
11370,A220004,이지우,D005,영업1팀,사원,일반,business,2022-08-09,,Y,11370@company.com
11423,A200009,최지훈,D013,자산운용팀,과장,일반,business,2020-07-13,,Y,11423@company.com
11444,A180006,한지훈,D013,자산운용팀,과장,일반,business,2018-04-28,,Y,11444@company.com
11454,A240007,이지연,D013,자산운용팀,차장,파트장,business,2024-12-08,2026-01-04,N,11454@company.com
11501,A210003,김혜진,D013,자산운용팀,대리,일반,business,2021-02-06,,Y,11501@company.com
11514,A230001,최영진,D011,기획팀,대리,일반,business,2023-01-22,,Y,11514@company.com
11543,A230002,송시우,D002,IT개발2팀,부장,팀장,developer,2023-08-24,2026-02-20,N,11543@company.com
11643,A240008,이승현,D002,IT개발2팀,과장,일반,developer,2024-06-09,,Y,11643@company.com
11657,A220005,장현주,D012,고객서비스팀,대리,일반,business,2022-10-21,,Y,11657@company.com
11664,A220006,박정희,D001,IT개발1팀,대리,일반,developer,2022-11-24,2024-12-25,N,11664@company.com
11775,A220007,한준서,D012,고객서비스팀,대리,일반,business,2022-02-28,,Y,11775@company.com
11832,A180007,김주원,D005,영업1팀,사원,일반,business,2018-06-16,,Y,11832@company.com
11863,A200010,박성민,D005,영업1팀,과장,일반,business,2020-11-12,,Y,11863@company.com
11873,A190001,김지민,D006,영업2팀,부장,팀장,business,2019-12-20,,Y,11873@company.com
11898,A170002,최정숙,D002,IT개발2팀,대리,일반,developer,2017-02-15,,Y,11898@company.com
11916,A200011,이지후,D003,IT운영팀,대리,일반,operator,2020-02-24,,Y,11916@company.com
11921,A210004,권채원,D006,영업2팀,대리,일반,business,2021-10-29,,Y,11921@company.com
11929,A170003,이재현,D010,준법감시팀,대리,일반,business,2017-02-10,,Y,11929@company.com
11986,A170004,이재현,D013,자산운용팀,차장,파트장,business,2017-06-08,,Y,11986@company.com
11997,A190002,김현숙,D009,심사팀,대리,일반,business,2019-04-24,,Y,11997@company.com
12081,A200012,양영길,D013,자산운용팀,사원,일반,business,2020-03-27,,Y,12081@company.com
12098,A250006,서민재,D007,리스크관리팀,사원,일반,business,2025-11-21,,Y,12098@company.com
12168,A170005,정지후,D001,IT개발1팀,사원,일반,developer,2017-09-19,,Y,12168@company.com
12208,A210005,최우진,D008,경영지원팀,대리,일반,business,2021-06-28,,Y,12208@company.com
12226,A180008,이병철,D008,경영지원팀,차장,파트장,business,2018-11-27,,Y,12226@company.com
12245,A240009,류상철,D007,리스크관리팀,사원,일반,business,2024-04-30,,Y,12245@company.com
12254,A250007,김민서,D001,IT개발1팀,사원,일반,developer,2025-05-12,,Y,12254@company.com
12267,A210006,류건우,D009,심사팀,사원,일반,business,2021-11-05,,Y,12267@company.com
12274,A250008,이수진,D013,자산운용팀,사원,일반,business,2025-12-02,,Y,12274@company.com
12279,A220008,박상호,D014,트레이딩팀,과장,일반,business,2022-11-18,2024-07-23,N,12279@company.com
12292,A240010,황준서,D004,정보보안팀,차장,파트장,security,2024-10-15,,Y,12292@company.com
12321,A170006,김영철,D001,IT개발1팀,과장,일반,developer,2017-08-18,,Y,12321@company.com
12326,A160001,김정식,D013,자산운용팀,과장,일반,business,2016-10-16,,Y,12326@company.com
12339,A250009,김성현,D009,심사팀,대리,일반,business,2025-11-16,,Y,12339@company.com
12377,A250010,류시우,D005,영업1팀,대리,일반,business,2025-11-18,,Y,12377@company.com
12400,A180009,이서영,D013,자산운용팀,사원,일반,business,2018-08-14,,Y,12400@company.com
12465,A190003,김서윤,D013,자산운용팀,과장,일반,business,2019-08-15,,Y,12465@company.com
12470,A200013,김현우,D009,심사팀,과장,일반,business,2020-05-20,,Y,12470@company.com
12580,A210007,한현주,D010,준법감시팀,과장,일반,business,2021-06-30,,Y,12580@company.com
12582,A220009,배지민,D001,IT개발1팀,과장,일반,developer,2022-06-08,,Y,12582@company.com
12614,A210008,김중수,D007,리스크관리팀,사원,일반,business,2021-01-20,,Y,12614@company.com
12625,A220010,김옥자,D014,트레이딩팀,사원,일반,business,2022-05-27,,Y,12625@company.com
12686,A180010,문경수,D005,영업1팀,과장,일반,business,2018-02-16,,Y,12686@company.com
12778,A220011,김지혜,D007,리스크관리팀,대리,일반,business,2022-09-17,,Y,12778@company.com
12806,A210009,박민석,D005,영업1팀,과장,일반,business,2021-10-25,,Y,12806@company.com
12848,A250011,김승현,D012,고객서비스팀,대리,일반,business,2025-01-22,,Y,12848@company.com
12978,A210010,윤영호,D002,IT개발2팀,과장,일반,developer,2021-10-20,,Y,12978@company.com
13024,A200014,최경희,D005,영업1팀,과장,일반,business,2020-06-13,,Y,13024@company.com
13039,A220012,김은서,D006,영업2팀,사원,일반,business,2022-09-14,,Y,13039@company.com
13056,A230003,남민준,D004,정보보안팀,과장,일반,security,2023-02-01,,Y,13056@company.com
13060,A200015,심은지,D012,고객서비스팀,부장,팀장,business,2020-06-24,,Y,13060@company.com
13070,A240011,지순옥,D011,기획팀,과장,일반,business,2024-02-13,,Y,13070@company.com
13090,A240012,오현주,D005,영업1팀,사원,일반,business,2024-03-29,2025-11-29,N,13090@company.com
13169,A230004,강성호,D006,영업2팀,대리,일반,business,2023-12-29,,Y,13169@company.com
13176,A230005,우지현,D012,고객서비스팀,과장,일반,business,2023-08-13,2025-04-14,N,13176@company.com
13208,A230006,박아름,D013,자산운용팀,사원,일반,business,2023-11-09,,Y,13208@company.com
13224,A160002,김정희,D001,IT개발1팀,부장,팀장,developer,2016-07-09,,Y,13224@company.com
13276,A230007,배수진,D008,경영지원팀,대리,일반,business,2023-07-18,2025-04-10,N,13276@company.com
13309,A230008,손민재,D005,영업1팀,과장,일반,business,2023-06-23,,Y,13309@company.com
13349,A200016,배중수,D001,IT개발1팀,차장,파트장,developer,2020-01-27,,Y,13349@company.com
13358,A180011,안영철,D001,IT개발1팀,대리,일반,developer,2018-11-28,,Y,13358@company.com
13368,A220013,김영호,D002,IT개발2팀,사원,일반,developer,2022-06-18,,Y,13368@company.com
13394,A190004,이정숙,D001,IT개발1팀,대리,일반,developer,2019-12-14,,Y,13394@company.com
13486,A220014,이영철,D009,심사팀,차장,파트장,business,2022-05-10,,Y,13486@company.com
13507,A170007,김준호,D007,리스크관리팀,부장,팀장,business,2017-12-03,,Y,13507@company.com
13542,A230009,유지훈,D013,자산운용팀,차장,파트장,business,2023-11-05,,Y,13542@company.com
13552,A220015,김아름,D009,심사팀,사원,일반,business,2022-06-20,,Y,13552@company.com
13580,A190005,김민지,D006,영업2팀,사원,일반,business,2019-12-06,,Y,13580@company.com
13592,A250012,황상호,D006,영업2팀,대리,일반,business,2025-06-29,,Y,13592@company.com
13648,A230010,김영환,D012,고객서비스팀,과장,일반,business,2023-12-02,,Y,13648@company.com
13655,A170008,이미영,D009,심사팀,사원,일반,business,2017-07-20,,Y,13655@company.com
13665,A190006,최영철,D013,자산운용팀,부장,팀장,business,2019-12-29,2025-01-06,N,13665@company.com
13753,A180012,김옥순,D005,영업1팀,과장,일반,business,2018-06-08,,Y,13753@company.com
13779,A210011,김종수,D004,정보보안팀,차장,파트장,security,2021-11-26,,Y,13779@company.com
13782,A220016,심정자,D005,영업1팀,과장,일반,business,2022-03-07,,Y,13782@company.com
13789,A250013,김준호,D003,IT운영팀,부장,팀장,operator,2025-12-17,,Y,13789@company.com
13928,A190007,오경희,D006,영업2팀,과장,일반,business,2019-02-17,,Y,13928@company.com
13965,A230011,장정숙,D006,영업2팀,과장,일반,business,2023-08-05,2026-03-25,N,13965@company.com
14083,A180013,이민재,D001,IT개발1팀,대리,일반,developer,2018-01-10,,Y,14083@company.com
14090,A160003,김정훈,D005,영업1팀,부장,팀장,business,2016-04-02,,Y,14090@company.com
14120,A180014,박은영,D007,리스크관리팀,부장,팀장,business,2018-06-24,,Y,14120@company.com
14170,A170009,백상철,D014,트레이딩팀,사원,일반,business,2017-09-06,,Y,14170@company.com
14176,A230012,이민준,D002,IT개발2팀,사원,일반,developer,2023-03-12,,Y,14176@company.com
14207,A200017,김은영,D006,영업2팀,차장,파트장,business,2020-05-31,,Y,14207@company.com
14286,A210012,김서연,D006,영업2팀,과장,일반,business,2021-02-21,,Y,14286@company.com
14288,A240013,이지훈,D008,경영지원팀,차장,파트장,business,2024-10-03,,Y,14288@company.com
14335,A210013,허민서,D008,경영지원팀,사원,일반,business,2021-09-27,,Y,14335@company.com
14340,A200018,권지후,D001,IT개발1팀,차장,파트장,developer,2020-06-21,,Y,14340@company.com
14400,A220017,황정호,D009,심사팀,사원,일반,business,2022-11-13,2024-03-29,N,14400@company.com
14532,A250014,김상훈,D014,트레이딩팀,사원,일반,business,2025-07-12,,Y,14532@company.com
14572,A190008,김영진,D012,고객서비스팀,차장,파트장,business,2019-04-03,,Y,14572@company.com
14575,A250015,권동현,D001,IT개발1팀,차장,파트장,developer,2025-11-16,,Y,14575@company.com
14593,A200019,이주원,D012,고객서비스팀,차장,파트장,business,2020-03-25,,Y,14593@company.com
14681,A190009,이진우,D010,준법감시팀,대리,일반,business,2019-01-23,,Y,14681@company.com
14828,A210014,최은지,D009,심사팀,차장,파트장,business,2021-12-13,,Y,14828@company.com
14852,A230013,이지연,D014,트레이딩팀,과장,일반,business,2023-08-16,,Y,14852@company.com
14884,A160004,이병철,D001,IT개발1팀,대리,일반,developer,2016-08-17,2023-05-30,N,14884@company.com
15008,A180015,김서현,D008,경영지원팀,대리,일반,business,2018-05-03,,Y,15008@company.com
15064,A250016,김현숙,D002,IT개발2팀,부장,팀장,developer,2025-08-29,,Y,15064@company.com
15072,A210015,김성현,D006,영업2팀,대리,일반,business,2021-04-10,2024-10-20,N,15072@company.com
15093,A220018,김정호,D009,심사팀,부장,팀장,business,2022-10-20,,Y,15093@company.com
15094,A240014,김재호,D013,자산운용팀,차장,파트장,business,2024-08-24,2025-10-13,N,15094@company.com
15158,A200020,강지후,D012,고객서비스팀,과장,일반,business,2020-07-14,,Y,15158@company.com
15169,A240015,서영철,D002,IT개발2팀,부장,팀장,developer,2024-08-02,,Y,15169@company.com
15182,A170010,한민수,D003,IT운영팀,차장,파트장,operator,2017-04-13,,Y,15182@company.com
15216,A240016,김은경,D004,정보보안팀,차장,파트장,security,2024-03-11,2026-02-18,N,15216@company.com
15231,A170011,김영길,D003,IT운영팀,과장,일반,operator,2017-01-27,,Y,15231@company.com
15242,A210016,오광수,D010,준법감시팀,과장,일반,business,2021-07-10,2024-02-23,N,15242@company.com
15293,A190010,홍은지,D002,IT개발2팀,차장,파트장,developer,2019-02-22,,Y,15293@company.com
15294,A160005,김지영,D003,IT운영팀,차장,파트장,operator,2016-09-21,2025-12-21,N,15294@company.com
15324,A220019,이예은,D006,영업2팀,사원,일반,business,2022-05-26,,Y,15324@company.com
15329,A240017,김옥순,D002,IT개발2팀,대리,일반,developer,2024-03-23,2026-03-28,N,15329@company.com
15354,A230014,나민지,D009,심사팀,사원,일반,business,2023-09-20,,Y,15354@company.com
15394,A230015,강우진,D005,영업1팀,사원,일반,business,2023-08-12,,Y,15394@company.com
15410,A170012,이영미,D005,영업1팀,차장,파트장,business,2017-04-24,,Y,15410@company.com
15449,A240018,강준혁,D014,트레이딩팀,부장,팀장,business,2024-06-27,,Y,15449@company.com
15560,A210017,손영길,D009,심사팀,사원,일반,business,2021-08-01,,Y,15560@company.com
15607,A170013,정지민,D001,IT개발1팀,대리,일반,developer,2017-09-15,,Y,15607@company.com
15702,A240019,김서준,D005,영업1팀,부장,팀장,business,2024-07-16,,Y,15702@company.com
15801,A170014,백명자,D012,고객서비스팀,대리,일반,business,2017-07-11,,Y,15801@company.com
15851,A250017,권정남,D001,IT개발1팀,부장,팀장,developer,2025-06-13,,Y,15851@company.com
15854,A220020,신경수,D001,IT개발1팀,대리,일반,developer,2022-11-29,,Y,15854@company.com
15877,A160006,박성수,D005,영업1팀,사원,일반,business,2016-03-15,,Y,15877@company.com
16012,A160007,강민수,D010,준법감시팀,부장,팀장,business,2016-05-26,,Y,16012@company.com
16089,A240020,성민석,D014,트레이딩팀,과장,일반,business,2024-08-29,,Y,16089@company.com
16222,A240021,박보람,D006,영업2팀,차장,파트장,business,2024-03-12,,Y,16222@company.com
16228,A230016,김현숙,D007,리스크관리팀,대리,일반,business,2023-08-29,,Y,16228@company.com
16232,A200021,박경숙,D011,기획팀,부장,팀장,business,2020-01-03,2025-08-12,N,16232@company.com
16239,A200022,이명숙,D014,트레이딩팀,대리,일반,business,2020-01-10,,Y,16239@company.com
16278,A170015,박승민,D012,고객서비스팀,과장,일반,business,2017-03-18,,Y,16278@company.com
16286,A230017,한은영,D007,리스크관리팀,과장,일반,business,2023-11-08,,Y,16286@company.com
16300,A200023,김정수,D012,고객서비스팀,차장,파트장,business,2020-02-26,,Y,16300@company.com
16328,A160008,김성호,D013,자산운용팀,대리,일반,business,2016-05-01,,Y,16328@company.com
16456,A180016,홍승현,D009,심사팀,대리,일반,business,2018-01-25,,Y,16456@company.com
16515,A240022,박지우,D014,트레이딩팀,차장,파트장,business,2024-11-23,,Y,16515@company.com
16517,A220021,문서현,D012,고객서비스팀,사원,일반,business,2022-08-23,2026-01-29,N,16517@company.com
16525,A210018,박영환,D007,리스크관리팀,과장,일반,business,2021-09-13,,Y,16525@company.com
16539,A220022,이현정,D002,IT개발2팀,과장,일반,developer,2022-01-09,,Y,16539@company.com
16591,A200024,류종수,D006,영업2팀,대리,일반,business,2020-10-21,,Y,16591@company.com
16671,A240023,이현준,D009,심사팀,대리,일반,business,2024-03-14,,Y,16671@company.com
16693,A180017,오상훈,D001,IT개발1팀,과장,일반,developer,2018-01-01,2025-02-18,N,16693@company.com
16865,A170016,박지은,D006,영업2팀,과장,일반,business,2017-05-04,2025-03-23,N,16865@company.com
16883,A210019,이도윤,D012,고객서비스팀,과장,일반,business,2021-04-06,,Y,16883@company.com
16887,A160009,장민지,D005,영업1팀,과장,일반,business,2016-02-13,,Y,16887@company.com
16901,A180018,이중수,D011,기획팀,사원,일반,business,2018-07-04,,Y,16901@company.com
16913,A200025,최수빈,D013,자산운용팀,과장,일반,business,2020-09-26,,Y,16913@company.com
16940,A190011,우지혜,D002,IT개발2팀,과장,일반,developer,2019-09-17,,Y,16940@company.com
16967,A230018,김영길,D003,IT운영팀,차장,파트장,operator,2023-07-19,,Y,16967@company.com
16984,A210020,김옥자,D009,심사팀,과장,일반,business,2021-01-23,,Y,16984@company.com
17002,A210021,배순옥,D014,트레이딩팀,대리,일반,business,2021-07-11,,Y,17002@company.com
17004,A180019,이민수,D007,리스크관리팀,대리,일반,business,2018-01-09,2024-03-09,N,17004@company.com
17020,A170017,최영숙,D010,준법감시팀,대리,일반,business,2017-02-04,2024-05-11,N,17020@company.com
17055,A220023,이영일,D002,IT개발2팀,과장,일반,developer,2022-12-03,,Y,17055@company.com
17133,A180020,차경수,D011,기획팀,차장,파트장,business,2018-10-25,,Y,17133@company.com
17164,A190012,이예준,D004,정보보안팀,사원,일반,security,2019-06-20,,Y,17164@company.com
17186,A200026,조지우,D005,영업1팀,과장,일반,business,2020-06-29,,Y,17186@company.com
17196,A190013,권은서,D013,자산운용팀,사원,일반,business,2019-11-26,,Y,17196@company.com
17216,A240024,홍성진,D007,리스크관리팀,과장,일반,business,2024-12-16,,Y,17216@company.com
17223,A200027,권명자,D004,정보보안팀,과장,일반,security,2020-12-22,,Y,17223@company.com
17288,A180021,김영순,D009,심사팀,차장,파트장,business,2018-04-04,,Y,17288@company.com
17304,A170018,김유진,D006,영업2팀,차장,파트장,business,2017-02-02,,Y,17304@company.com
17314,A200028,류하은,D002,IT개발2팀,사원,일반,developer,2020-08-22,,Y,17314@company.com
17361,A250018,백서현,D010,준법감시팀,사원,일반,business,2025-04-14,,Y,17361@company.com
17362,A160010,허미정,D008,경영지원팀,차장,파트장,business,2016-04-12,,Y,17362@company.com
17457,A200029,김현주,D006,영업2팀,부장,팀장,business,2020-06-10,2024-10-17,N,17457@company.com
17467,A190014,권영희,D011,기획팀,대리,일반,business,2019-09-21,,Y,17467@company.com
17501,A230019,김정훈,D002,IT개발2팀,과장,일반,developer,2023-10-06,,Y,17501@company.com
17505,A160011,김보람,D002,IT개발2팀,차장,파트장,developer,2016-01-19,,Y,17505@company.com
17540,A220024,황현준,D008,경영지원팀,대리,일반,business,2022-04-08,,Y,17540@company.com
17623,A230020,김상호,D001,IT개발1팀,차장,파트장,developer,2023-01-25,,Y,17623@company.com
17628,A230021,오영숙,D002,IT개발2팀,대리,일반,developer,2023-06-19,,Y,17628@company.com
17696,A250019,유윤서,D009,심사팀,대리,일반,business,2025-07-08,,Y,17696@company.com
17707,A220025,안명숙,D013,자산운용팀,차장,파트장,business,2022-07-24,,Y,17707@company.com
17745,A230022,박예원,D014,트레이딩팀,대리,일반,business,2023-07-17,,Y,17745@company.com
17757,A200030,김동현,D004,정보보안팀,과장,일반,security,2020-04-05,,Y,17757@company.com
17798,A220026,한수빈,D010,준법감시팀,대리,일반,business,2022-09-12,,Y,17798@company.com
17821,A230023,박하윤,D007,리스크관리팀,대리,일반,business,2023-09-23,,Y,17821@company.com
17846,A160012,박하윤,D011,기획팀,차장,파트장,business,2016-02-12,,Y,17846@company.com
17892,A190015,권보람,D012,고객서비스팀,대리,일반,business,2019-02-10,,Y,17892@company.com
17962,A170019,황지민,D006,영업2팀,과장,일반,business,2017-04-03,,Y,17962@company.com
18004,A190016,장옥자,D007,리스크관리팀,사원,일반,business,2019-06-14,,Y,18004@company.com
18021,A180022,이지영,D003,IT운영팀,과장,일반,operator,2018-06-17,2026-02-07,N,18021@company.com
18024,A190017,김수민,D005,영업1팀,대리,일반,business,2019-06-06,,Y,18024@company.com
18067,A210022,김서연,D012,고객서비스팀,사원,일반,business,2021-08-07,,Y,18067@company.com
18081,A160013,김명숙,D007,리스크관리팀,대리,일반,business,2016-08-15,2024-10-02,N,18081@company.com
18123,A230024,안수빈,D003,IT운영팀,차장,파트장,operator,2023-01-22,,Y,18123@company.com
18131,A170020,강영길,D005,영업1팀,과장,일반,business,2017-06-30,,Y,18131@company.com
18147,A230025,강영호,D012,고객서비스팀,대리,일반,business,2023-08-11,,Y,18147@company.com
18176,A160014,김영수,D008,경영지원팀,사원,일반,business,2016-01-30,,Y,18176@company.com
18185,A180023,김미정,D013,자산운용팀,대리,일반,business,2018-11-23,,Y,18185@company.com
18228,A190018,김은주,D008,경영지원팀,차장,파트장,business,2019-09-20,,Y,18228@company.com
18238,A250020,최은서,D003,IT운영팀,사원,일반,operator,2025-12-14,,Y,18238@company.com
18346,A220027,이서연,D002,IT개발2팀,사원,일반,developer,2022-01-16,,Y,18346@company.com
18544,A250021,김현준,D014,트레이딩팀,과장,일반,business,2025-11-08,,Y,18544@company.com
18559,A200031,조정웅,D001,IT개발1팀,사원,일반,developer,2020-08-12,,Y,18559@company.com
18583,A230026,이지은,D001,IT개발1팀,대리,일반,developer,2023-02-04,,Y,18583@company.com
18609,A220028,강정남,D006,영업2팀,대리,일반,business,2022-11-27,2024-08-27,N,18609@company.com
18630,A230027,김현지,D009,심사팀,부장,팀장,business,2023-07-16,,Y,18630@company.com
18650,A180024,김상훈,D010,준법감시팀,과장,일반,business,2018-01-17,,Y,18650@company.com
18666,A230028,이지민,D006,영업2팀,대리,일반,business,2023-12-14,,Y,18666@company.com
18667,A170021,오영미,D008,경영지원팀,대리,일반,business,2017-07-09,2023-02-03,N,18667@company.com
18679,A190019,김지혜,D004,정보보안팀,과장,일반,security,2019-02-09,,Y,18679@company.com
18685,A210023,김정자,D005,영업1팀,대리,일반,business,2021-09-29,2024-08-02,N,18685@company.com
18690,A160015,김영환,D012,고객서비스팀,과장,일반,business,2016-06-09,,Y,18690@company.com
18698,A240025,이민석,D007,리스크관리팀,부장,팀장,business,2024-05-07,2025-07-20,N,18698@company.com
18703,A210024,서민석,D011,기획팀,차장,파트장,business,2021-01-14,2025-08-06,N,18703@company.com
18742,A220029,박영희,D008,경영지원팀,과장,일반,business,2022-09-13,,Y,18742@company.com
18743,A180025,김옥순,D003,IT운영팀,사원,일반,operator,2018-10-15,,Y,18743@company.com
18748,A190020,김지훈,D006,영업2팀,차장,파트장,business,2019-05-14,,Y,18748@company.com
18773,A210025,김예진,D008,경영지원팀,부장,팀장,business,2021-04-20,2025-08-12,N,18773@company.com
18845,A200032,서시우,D008,경영지원팀,과장,일반,business,2020-05-26,,Y,18845@company.com
18924,A220030,김영철,D002,IT개발2팀,대리,일반,developer,2022-09-09,,Y,18924@company.com
19012,A190021,김정훈,D014,트레이딩팀,차장,파트장,business,2019-03-11,,Y,19012@company.com
19066,A200033,강혜진,D014,트레이딩팀,사원,일반,business,2020-08-19,,Y,19066@company.com
19105,A250022,김수민,D012,고객서비스팀,부장,팀장,business,2025-08-16,,Y,19105@company.com
19108,A230029,김경자,D012,고객서비스팀,부장,팀장,business,2023-12-16,,Y,19108@company.com
19115,A170022,박도윤,D007,리스크관리팀,과장,일반,business,2017-06-13,2025-02-11,N,19115@company.com
19125,A220031,이상호,D009,심사팀,사원,일반,business,2022-12-30,,Y,19125@company.com
19127,A240026,오준혁,D011,기획팀,대리,일반,business,2024-10-04,,Y,19127@company.com
19129,A170023,이종수,D012,고객서비스팀,차장,파트장,business,2017-06-03,,Y,19129@company.com
19146,A160016,고영환,D002,IT개발2팀,차장,파트장,developer,2016-12-30,2024-11-07,N,19146@company.com
19232,A250023,김영길,D003,IT운영팀,과장,일반,operator,2025-12-25,,Y,19232@company.com
19299,A240027,손승현,D002,IT개발2팀,과장,일반,developer,2024-07-04,,Y,19299@company.com
19338,A160017,권정순,D014,트레이딩팀,부장,팀장,business,2016-03-03,,Y,19338@company.com
19347,A200034,남옥순,D009,심사팀,대리,일반,business,2020-03-12,,Y,19347@company.com
19401,A230030,홍정호,D010,준법감시팀,사원,일반,business,2023-09-10,,Y,19401@company.com
19482,A210026,김민수,D011,기획팀,과장,일반,business,2021-10-11,,Y,19482@company.com
19606,A210027,이상호,D010,준법감시팀,차장,파트장,business,2021-08-28,,Y,19606@company.com
19617,A190022,김은정,D005,영업1팀,사원,일반,business,2019-10-10,,Y,19617@company.com
19688,A180026,송서준,D014,트레이딩팀,사원,일반,business,2018-02-14,,Y,19688@company.com
19722,A240028,박영일,D011,기획팀,부장,팀장,business,2024-07-22,,Y,19722@company.com
19779,A210028,오명숙,D011,기획팀,과장,일반,business,2021-09-03,,Y,19779@company.com
19810,A200035,배경수,D013,자산운용팀,차장,파트장,business,2020-07-28,,Y,19810@company.com
19830,A210029,김정호,D013,자산운용팀,사원,일반,business,2021-02-07,,Y,19830@company.com
19840,A180027,오예진,D008,경영지원팀,과장,일반,business,2018-06-12,,Y,19840@company.com
19861,A220032,김은경,D013,자산운용팀,과장,일반,business,2022-08-19,2024-06-16,N,19861@company.com
19912,A240029,이지원,D010,준법감시팀,대리,일반,business,2024-09-21,,Y,19912@company.com
19957,A190023,고은정,D001,IT개발1팀,과장,일반,developer,2019-10-10,,Y,19957@company.com
20000,A220033,김상훈,D014,트레이딩팀,차장,파트장,business,2022-04-04,,Y,20000@company.com
20076,A230031,배민준,D005,영업1팀,대리,일반,business,2023-03-08,,Y,20076@company.com
20101,A250024,김성민,D005,영업1팀,차장,파트장,business,2025-01-29,,Y,20101@company.com
20134,A200036,이명숙,D011,기획팀,사원,일반,business,2020-09-22,,Y,20134@company.com
20171,A160018,김지후,D009,심사팀,사원,일반,business,2016-03-25,,Y,20171@company.com
20214,A230032,박명숙,D007,리스크관리팀,대리,일반,business,2023-12-30,,Y,20214@company.com
20276,A190024,남서현,D005,영업1팀,차장,파트장,business,2019-09-23,,Y,20276@company.com
20278,A160019,윤서준,D008,경영지원팀,대리,일반,business,2016-02-10,,Y,20278@company.com
20286,A170024,오영환,D013,자산운용팀,부장,팀장,business,2017-11-22,,Y,20286@company.com
20295,A180028,김성민,D006,영업2팀,사원,일반,business,2018-05-21,2025-08-19,N,20295@company.com
20311,A230033,이아름,D009,심사팀,과장,일반,business,2023-06-05,,Y,20311@company.com
20336,A240030,이서영,D007,리스크관리팀,과장,일반,business,2024-02-17,,Y,20336@company.com
20360,A180029,이민서,D006,영업2팀,과장,일반,business,2018-03-28,,Y,20360@company.com
20366,A200037,안영미,D006,영업2팀,사원,일반,business,2020-10-24,2024-03-03,N,20366@company.com
20559,A180030,김성진,D014,트레이딩팀,과장,일반,business,2018-12-04,,Y,20559@company.com
20621,A190025,양정훈,D007,리스크관리팀,대리,일반,business,2019-11-06,,Y,20621@company.com
20626,A220034,고미영,D010,준법감시팀,사원,일반,business,2022-10-16,,Y,20626@company.com
20688,A160020,이지민,D001,IT개발1팀,사원,일반,developer,2016-01-15,,Y,20688@company.com
20756,A220035,이상철,D005,영업1팀,차장,파트장,business,2022-11-25,,Y,20756@company.com
20819,A190026,류도현,D007,리스크관리팀,과장,일반,business,2019-05-16,,Y,20819@company.com
20827,A200038,이성수,D009,심사팀,대리,일반,business,2020-10-19,,Y,20827@company.com
20851,A160021,최지민,D006,영업2팀,사원,일반,business,2016-11-23,,Y,20851@company.com
20885,A220036,이정순,D010,준법감시팀,과장,일반,business,2022-11-18,2025-06-05,N,20885@company.com
20929,A190027,김은지,D008,경영지원팀,부장,팀장,business,2019-11-25,,Y,20929@company.com
20983,A240031,홍영길,D005,영업1팀,대리,일반,business,2024-09-04,2025-09-15,N,20983@company.com
21029,A240032,이병철,D001,IT개발1팀,대리,일반,developer,2024-12-16,,Y,21029@company.com
21078,A220037,양성민,D008,경영지원팀,사원,일반,business,2022-08-21,,Y,21078@company.com
21118,A190028,김건우,D002,IT개발2팀,사원,일반,developer,2019-01-31,,Y,21118@company.com
21146,A170025,김현지,D005,영업1팀,과장,일반,business,2017-08-01,,Y,21146@company.com
21149,A240033,김정호,D002,IT개발2팀,대리,일반,developer,2024-04-14,,Y,21149@company.com
21235,A240034,서예지,D014,트레이딩팀,대리,일반,business,2024-03-14,,Y,21235@company.com
21270,A180031,안수민,D001,IT개발1팀,차장,파트장,developer,2018-06-13,2025-05-05,N,21270@company.com
21327,A190029,김경숙,D003,IT운영팀,부장,팀장,operator,2019-06-26,2023-03-22,N,21327@company.com
21436,A240035,엄재호,D006,영업2팀,차장,파트장,business,2024-03-07,,Y,21436@company.com
21457,A190030,이민지,D006,영업2팀,과장,일반,business,2019-09-21,,Y,21457@company.com
21506,A200039,홍도윤,D011,기획팀,대리,일반,business,2020-06-12,,Y,21506@company.com
21589,A220038,강성진,D011,기획팀,대리,일반,business,2022-03-04,,Y,21589@company.com
21609,A250025,정정웅,D012,고객서비스팀,사원,일반,business,2025-05-07,,Y,21609@company.com
21641,A240036,김정웅,D008,경영지원팀,대리,일반,business,2024-01-26,,Y,21641@company.com
21724,A250026,이민석,D002,IT개발2팀,차장,파트장,developer,2025-07-16,,Y,21724@company.com
21763,A170026,김서윤,D005,영업1팀,대리,일반,business,2017-08-03,,Y,21763@company.com
21850,A180032,김예진,D002,IT개발2팀,차장,파트장,developer,2018-03-23,,Y,21850@company.com
21861,A210030,김정웅,D009,심사팀,차장,파트장,business,2021-10-23,2023-07-21,N,21861@company.com
21894,A230034,하수민,D014,트레이딩팀,차장,파트장,business,2023-04-08,2026-01-31,N,21894@company.com
21934,A210031,문정희,D009,심사팀,부장,팀장,business,2021-09-13,,Y,21934@company.com
21948,A160022,한경자,D003,IT운영팀,과장,일반,operator,2016-08-27,,Y,21948@company.com
21954,A250027,류지연,D006,영업2팀,과장,일반,business,2025-06-07,,Y,21954@company.com
22098,A210032,김정훈,D004,정보보안팀,부장,팀장,security,2021-02-16,,Y,22098@company.com
22108,A190031,최은영,D012,고객서비스팀,과장,일반,business,2019-09-16,,Y,22108@company.com
22130,A250028,양채원,D003,IT운영팀,대리,일반,operator,2025-05-04,,Y,22130@company.com
22236,A180033,강옥순,D010,준법감시팀,사원,일반,business,2018-06-30,,Y,22236@company.com
22252,A230035,남예지,D002,IT개발2팀,과장,일반,developer,2023-05-25,,Y,22252@company.com
22403,A220039,이종수,D007,리스크관리팀,과장,일반,business,2022-12-01,,Y,22403@company.com
22418,A210033,이성민,D002,IT개발2팀,과장,일반,developer,2021-05-27,,Y,22418@company.com
22423,A190032,오영호,D012,고객서비스팀,대리,일반,business,2019-02-25,2023-02-01,N,22423@company.com
22433,A220040,최진호,D012,고객서비스팀,차장,파트장,business,2022-05-16,2024-06-08,N,22433@company.com
22449,A240037,최영자,D010,준법감시팀,대리,일반,business,2024-07-25,,Y,22449@company.com
22455,A220041,황예지,D011,기획팀,사원,일반,business,2022-07-25,,Y,22455@company.com
22504,A170027,배동현,D003,IT운영팀,사원,일반,operator,2017-10-15,,Y,22504@company.com
22535,A180034,전하윤,D012,고객서비스팀,대리,일반,business,2018-10-11,,Y,22535@company.com
22608,A180035,서성훈,D001,IT개발1팀,과장,일반,developer,2018-07-17,,Y,22608@company.com
22622,A180036,홍준서,D001,IT개발1팀,대리,일반,developer,2018-10-09,,Y,22622@company.com
22793,A210034,박윤서,D001,IT개발1팀,과장,일반,developer,2021-11-16,2025-01-05,N,22793@company.com
22964,A240038,김민수,D003,IT운영팀,사원,일반,operator,2024-03-01,,Y,22964@company.com
22969,A210035,윤서연,D005,영업1팀,대리,일반,business,2021-02-19,2024-06-06,N,22969@company.com
23056,A190033,김은주,D001,IT개발1팀,과장,일반,developer,2019-06-23,,Y,23056@company.com
23074,A240039,하경숙,D012,고객서비스팀,차장,파트장,business,2024-07-06,2025-08-15,N,23074@company.com
23087,A200040,장성진,D001,IT개발1팀,과장,일반,developer,2020-04-11,,Y,23087@company.com
23096,A200041,김준호,D007,리스크관리팀,과장,일반,business,2020-07-24,,Y,23096@company.com
23141,A200042,황경숙,D012,고객서비스팀,사원,일반,business,2020-01-24,,Y,23141@company.com
23145,A190034,안영순,D004,정보보안팀,차장,파트장,security,2019-06-20,,Y,23145@company.com
23185,A160023,성준호,D012,고객서비스팀,과장,일반,business,2016-09-22,,Y,23185@company.com
23193,A190035,김영철,D005,영업1팀,차장,파트장,business,2019-11-07,,Y,23193@company.com
23230,A160024,김예은,D013,자산운용팀,대리,일반,business,2016-03-12,,Y,23230@company.com
23306,A250029,김지은,D011,기획팀,대리,일반,business,2025-11-10,,Y,23306@company.com
23316,A190036,이현준,D010,준법감시팀,부장,팀장,business,2019-07-21,2023-04-29,N,23316@company.com
23317,A180037,이준서,D007,리스크관리팀,과장,일반,business,2018-06-03,,Y,23317@company.com
23338,A200043,김준영,D003,IT운영팀,차장,파트장,operator,2020-09-16,,Y,23338@company.com
23382,A230036,김도현,D005,영업1팀,과장,일반,business,2023-09-30,,Y,23382@company.com
23470,A220042,김영길,D011,기획팀,대리,일반,business,2022-10-16,,Y,23470@company.com
23491,A170028,류현우,D004,정보보안팀,대리,일반,security,2017-01-09,,Y,23491@company.com
23510,A200044,김영철,D013,자산운용팀,사원,일반,business,2020-12-10,2025-11-16,N,23510@company.com
23737,A170029,이건우,D003,IT운영팀,과장,일반,operator,2017-08-02,,Y,23737@company.com
23746,A180038,이하은,D007,리스크관리팀,과장,일반,business,2018-12-19,,Y,23746@company.com
23777,A250030,황상호,D002,IT개발2팀,과장,일반,developer,2025-11-02,,Y,23777@company.com
23824,A230037,이은영,D006,영업2팀,차장,파트장,business,2023-12-02,,Y,23824@company.com
23825,A220043,류지영,D009,심사팀,과장,일반,business,2022-10-24,,Y,23825@company.com
23833,A190037,김은주,D001,IT개발1팀,과장,일반,developer,2019-01-27,,Y,23833@company.com
23848,A240040,박혜진,D012,고객서비스팀,과장,일반,business,2024-03-28,,Y,23848@company.com
23861,A220044,하상현,D009,심사팀,차장,파트장,business,2022-11-14,,Y,23861@company.com
23865,A230038,김경자,D008,경영지원팀,사원,일반,business,2023-07-14,,Y,23865@company.com
23879,A210036,이미숙,D009,심사팀,대리,일반,business,2021-12-15,2024-02-21,N,23879@company.com
24014,A210037,김상철,D006,영업2팀,부장,팀장,business,2021-10-21,,Y,24014@company.com
24038,A250031,김성민,D001,IT개발1팀,사원,일반,developer,2025-02-26,,Y,24038@company.com
24083,A230039,박진호,D008,경영지원팀,대리,일반,business,2023-08-14,,Y,24083@company.com
24086,A200045,최미경,D009,심사팀,대리,일반,business,2020-03-18,,Y,24086@company.com
24124,A210038,문우진,D002,IT개발2팀,대리,일반,developer,2021-04-15,,Y,24124@company.com
24132,A220045,최재현,D007,리스크관리팀,부장,팀장,business,2022-11-10,,Y,24132@company.com
24239,A190038,권미경,D002,IT개발2팀,차장,파트장,developer,2019-02-01,,Y,24239@company.com
24246,A170030,성정수,D006,영업2팀,대리,일반,business,2017-09-23,,Y,24246@company.com
24288,A220046,김준영,D010,준법감시팀,부장,팀장,business,2022-06-16,,Y,24288@company.com
24299,A200046,정성훈,D010,준법감시팀,과장,일반,business,2020-09-01,2023-10-23,N,24299@company.com
24355,A230040,김광수,D005,영업1팀,부장,팀장,business,2023-06-10,,Y,24355@company.com
24358,A220047,박현우,D013,자산운용팀,부장,팀장,business,2022-08-24,,Y,24358@company.com
24476,A190039,이춘자,D001,IT개발1팀,과장,일반,developer,2019-06-25,,Y,24476@company.com
24478,A190040,이상훈,D012,고객서비스팀,차장,파트장,business,2019-12-13,,Y,24478@company.com
24488,A210039,문지아,D006,영업2팀,과장,일반,business,2021-12-15,2025-01-29,N,24488@company.com
24520,A170031,최유진,D013,자산운용팀,대리,일반,business,2017-12-21,2025-07-10,N,24520@company.com
24700,A180039,강성진,D011,기획팀,사원,일반,business,2018-09-05,,Y,24700@company.com
24719,A220048,최선영,D007,리스크관리팀,대리,일반,business,2022-05-07,,Y,24719@company.com
24794,A200047,김재호,D013,자산운용팀,대리,일반,business,2020-06-01,2025-10-15,N,24794@company.com
24857,A180040,양현주,D009,심사팀,차장,파트장,business,2018-06-02,,Y,24857@company.com
24867,A230041,강영일,D008,경영지원팀,대리,일반,business,2023-12-27,,Y,24867@company.com
24909,A250032,박영철,D011,기획팀,과장,일반,business,2025-12-27,,Y,24909@company.com
24982,A240041,박광수,D008,경영지원팀,대리,일반,business,2024-09-02,,Y,24982@company.com
25017,A210040,장정자,D006,영업2팀,대리,일반,business,2021-05-21,,Y,25017@company.com
25035,A230042,오영숙,D014,트레이딩팀,과장,일반,business,2023-10-21,,Y,25035@company.com
25054,A200048,박춘자,D005,영업1팀,차장,파트장,business,2020-07-13,,Y,25054@company.com
25083,A170032,양정자,D006,영업2팀,차장,파트장,business,2017-07-22,,Y,25083@company.com
25147,A190041,최민수,D001,IT개발1팀,대리,일반,developer,2019-03-16,,Y,25147@company.com
25159,A220049,박하은,D007,리스크관리팀,부장,팀장,business,2022-05-28,2024-08-23,N,25159@company.com
25236,A210041,윤승민,D006,영업2팀,대리,일반,business,2021-02-10,,Y,25236@company.com
25303,A170033,김하은,D014,트레이딩팀,과장,일반,business,2017-08-15,,Y,25303@company.com
25337,A160025,윤주원,D001,IT개발1팀,대리,일반,developer,2016-09-02,,Y,25337@company.com
25423,A210042,김승민,D013,자산운용팀,대리,일반,business,2021-10-03,2025-01-29,N,25423@company.com
25488,A180041,박지민,D008,경영지원팀,과장,일반,business,2018-10-15,,Y,25488@company.com
25498,A220050,조병철,D006,영업2팀,사원,일반,business,2022-03-12,2024-06-25,N,25498@company.com
25505,A220051,김준서,D006,영업2팀,대리,일반,business,2022-10-28,,Y,25505@company.com
25574,A200049,김도윤,D003,IT운영팀,과장,일반,operator,2020-01-26,,Y,25574@company.com
25623,A200050,이선영,D001,IT개발1팀,대리,일반,developer,2020-09-28,,Y,25623@company.com
25773,A240042,강정남,D012,고객서비스팀,사원,일반,business,2024-04-29,,Y,25773@company.com
25906,A210043,황상현,D007,리스크관리팀,대리,일반,business,2021-07-31,,Y,25906@company.com
25913,A230043,손유진,D008,경영지원팀,사원,일반,business,2023-08-30,,Y,25913@company.com
25924,A190042,김현준,D005,영업1팀,사원,일반,business,2019-03-12,,Y,25924@company.com
25947,A160026,이재현,D006,영업2팀,부장,팀장,business,2016-10-08,,Y,25947@company.com
26008,A200051,김영자,D014,트레이딩팀,대리,일반,business,2020-03-21,,Y,26008@company.com
26010,A230044,노중수,D001,IT개발1팀,과장,일반,developer,2023-09-01,,Y,26010@company.com
26171,A180042,최성현,D003,IT운영팀,차장,파트장,operator,2018-04-13,,Y,26171@company.com
26358,A240043,노정수,D010,준법감시팀,대리,일반,business,2024-05-27,2025-10-29,N,26358@company.com
26403,A220052,김정호,D002,IT개발2팀,사원,일반,developer,2022-11-27,,Y,26403@company.com
26477,A250033,이혜진,D010,준법감시팀,과장,일반,business,2025-02-15,,Y,26477@company.com
26559,A250034,김예지,D014,트레이딩팀,과장,일반,business,2025-04-29,,Y,26559@company.com
26561,A180043,김종수,D004,정보보안팀,부장,팀장,security,2018-01-20,2024-06-19,N,26561@company.com
26576,A190043,안민준,D002,IT개발2팀,대리,일반,developer,2019-03-31,,Y,26576@company.com
26617,A240044,배민석,D002,IT개발2팀,부장,팀장,developer,2024-03-31,,Y,26617@company.com
26635,A200052,김민서,D001,IT개발1팀,부장,팀장,developer,2020-01-19,2024-01-26,N,26635@company.com
26640,A210044,김미경,D008,경영지원팀,차장,파트장,business,2021-07-23,,Y,26640@company.com
26692,A230045,송춘자,D005,영업1팀,부장,팀장,business,2023-04-06,,Y,26692@company.com
26696,A250035,서우진,D005,영업1팀,차장,파트장,business,2025-05-29,,Y,26696@company.com
26750,A190044,정상호,D005,영업1팀,대리,일반,business,2019-01-05,,Y,26750@company.com
26758,A200053,박상훈,D004,정보보안팀,사원,일반,security,2020-11-04,,Y,26758@company.com
26847,A240045,오지원,D005,영업1팀,대리,일반,business,2024-06-20,,Y,26847@company.com
26890,A210045,안민준,D011,기획팀,과장,일반,business,2021-11-25,,Y,26890@company.com
26959,A200054,김은주,D001,IT개발1팀,차장,파트장,developer,2020-09-09,2024-01-21,N,26959@company.com
27036,A180044,최영식,D007,리스크관리팀,차장,파트장,business,2018-03-10,,Y,27036@company.com
27130,A210046,이미정,D005,영업1팀,대리,일반,business,2021-08-28,,Y,27130@company.com
27290,A220053,진예은,D004,정보보안팀,대리,일반,security,2022-02-27,,Y,27290@company.com
27332,A220054,서지은,D009,심사팀,과장,일반,business,2022-08-23,,Y,27332@company.com
27338,A220055,김영환,D007,리스크관리팀,사원,일반,business,2022-04-06,,Y,27338@company.com
27378,A190045,박영자,D008,경영지원팀,차장,파트장,business,2019-06-22,2026-02-25,N,27378@company.com
27403,A230046,이지훈,D014,트레이딩팀,과장,일반,business,2023-10-18,,Y,27403@company.com
27455,A190046,한진우,D011,기획팀,사원,일반,business,2019-04-09,,Y,27455@company.com
27502,A160027,홍춘자,D005,영업1팀,차장,파트장,business,2016-11-23,2023-08-29,N,27502@company.com
27570,A240046,최동현,D009,심사팀,과장,일반,business,2024-08-06,,Y,27570@company.com
27571,A250036,김옥자,D012,고객서비스팀,대리,일반,business,2025-02-14,,Y,27571@company.com
27573,A210047,김정훈,D004,정보보안팀,사원,일반,security,2021-02-18,2026-02-18,N,27573@company.com
27595,A230047,안서준,D014,트레이딩팀,과장,일반,business,2023-03-13,,Y,27595@company.com
27617,A190047,김상철,D004,정보보안팀,사원,일반,security,2019-05-08,,Y,27617@company.com
27643,A240047,강춘자,D007,리스크관리팀,대리,일반,business,2024-07-15,,Y,27643@company.com
27661,A240048,안선영,D014,트레이딩팀,부장,팀장,business,2024-05-16,,Y,27661@company.com
27669,A230048,최영자,D011,기획팀,과장,일반,business,2023-06-04,2025-07-31,N,27669@company.com
27671,A230049,김순옥,D002,IT개발2팀,사원,일반,developer,2023-10-21,,Y,27671@company.com
27674,A190048,박민석,D007,리스크관리팀,대리,일반,business,2019-12-01,,Y,27674@company.com
27713,A170034,한민수,D008,경영지원팀,사원,일반,business,2017-05-01,,Y,27713@company.com
27766,A240049,이지우,D012,고객서비스팀,과장,일반,business,2024-03-01,,Y,27766@company.com
27800,A170035,김예은,D006,영업2팀,대리,일반,business,2017-03-23,,Y,27800@company.com
27856,A230050,강병철,D007,리스크관리팀,부장,팀장,business,2023-09-15,,Y,27856@company.com
27870,A240050,장영일,D011,기획팀,차장,파트장,business,2024-12-26,,Y,27870@company.com
27877,A220056,박숙자,D012,고객서비스팀,사원,일반,business,2022-12-20,,Y,27877@company.com
27954,A180045,이광수,D009,심사팀,대리,일반,business,2018-06-01,,Y,27954@company.com
28015,A200055,배하은,D007,리스크관리팀,대리,일반,business,2020-04-23,,Y,28015@company.com
28033,A180046,강현정,D011,기획팀,과장,일반,business,2018-03-10,,Y,28033@company.com
28077,A250037,황춘자,D005,영업1팀,차장,파트장,business,2025-08-21,,Y,28077@company.com
28089,A200056,송상호,D009,심사팀,대리,일반,business,2020-11-06,,Y,28089@company.com
28105,A190049,류현숙,D008,경영지원팀,과장,일반,business,2019-12-26,,Y,28105@company.com
28128,A210048,조혜진,D008,경영지원팀,차장,파트장,business,2021-08-30,,Y,28128@company.com
28150,A210049,김현숙,D010,준법감시팀,차장,파트장,business,2021-12-07,2024-11-12,N,28150@company.com
28166,A240051,장지혜,D013,자산운용팀,과장,일반,business,2024-05-06,,Y,28166@company.com
28173,A200057,김지현,D012,고객서비스팀,차장,파트장,business,2020-11-01,2025-09-07,N,28173@company.com
28211,A190050,최상철,D002,IT개발2팀,과장,일반,developer,2019-02-11,,Y,28211@company.com
28250,A230051,장예준,D014,트레이딩팀,차장,파트장,business,2023-09-28,,Y,28250@company.com
28346,A210050,김은서,D002,IT개발2팀,부장,팀장,developer,2021-02-09,,Y,28346@company.com
28379,A190051,차정순,D012,고객서비스팀,사원,일반,business,2019-02-27,,Y,28379@company.com
28390,A230052,김서준,D004,정보보안팀,부장,팀장,security,2023-10-08,,Y,28390@company.com
28394,A210051,최민재,D008,경영지원팀,과장,일반,business,2021-04-14,,Y,28394@company.com
28448,A180047,황지후,D001,IT개발1팀,사원,일반,developer,2018-03-18,,Y,28448@company.com
28521,A240052,서재호,D007,리스크관리팀,대리,일반,business,2024-09-23,,Y,28521@company.com
28585,A220057,윤준서,D008,경영지원팀,대리,일반,business,2022-12-15,,Y,28585@company.com
28591,A170036,안아름,D014,트레이딩팀,과장,일반,business,2017-10-26,,Y,28591@company.com
28648,A210052,이미경,D012,고객서비스팀,대리,일반,business,2021-09-19,,Y,28648@company.com
28667,A170037,장영철,D003,IT운영팀,과장,일반,operator,2017-01-29,,Y,28667@company.com
28711,A250038,김영희,D003,IT운영팀,대리,일반,operator,2025-09-20,,Y,28711@company.com
28881,A240053,이현준,D006,영업2팀,사원,일반,business,2024-10-15,,Y,28881@company.com
28893,A180048,김영숙,D012,고객서비스팀,과장,일반,business,2018-08-25,,Y,28893@company.com
28918,A170038,윤영자,D002,IT개발2팀,차장,파트장,developer,2017-06-07,2023-11-09,N,28918@company.com
28970,A200058,오도현,D014,트레이딩팀,대리,일반,business,2020-07-21,,Y,28970@company.com
28978,A250039,박상호,D011,기획팀,차장,파트장,business,2025-01-02,,Y,28978@company.com
29004,A160028,김현준,D013,자산운용팀,사원,일반,business,2016-10-23,,Y,29004@company.com
29024,A210053,김상철,D011,기획팀,대리,일반,business,2021-08-05,,Y,29024@company.com
29087,A190052,이보람,D013,자산운용팀,과장,일반,business,2019-02-02,,Y,29087@company.com
29121,A180049,서민수,D001,IT개발1팀,부장,팀장,developer,2018-01-31,2024-11-06,N,29121@company.com
29125,A230053,안상호,D010,준법감시팀,부장,팀장,business,2023-02-05,,Y,29125@company.com
29142,A190053,박예원,D009,심사팀,사원,일반,business,2019-08-30,,Y,29142@company.com
29155,A240054,이정식,D002,IT개발2팀,사원,일반,developer,2024-07-28,2026-02-18,N,29155@company.com
29277,A220058,박상호,D004,정보보안팀,차장,파트장,security,2022-03-11,,Y,29277@company.com
29282,A220059,이성진,D006,영업2팀,부장,팀장,business,2022-11-27,,Y,29282@company.com
29309,A160029,김진우,D007,리스크관리팀,부장,팀장,business,2016-07-10,,Y,29309@company.com
29349,A170039,배성현,D006,영업2팀,대리,일반,business,2017-07-15,2023-07-09,N,29349@company.com
29481,A210054,이준서,D010,준법감시팀,대리,일반,business,2021-07-13,,Y,29481@company.com
29498,A230054,박유진,D011,기획팀,부장,팀장,business,2023-12-16,2026-03-28,N,29498@company.com
29526,A240055,우성민,D003,IT운영팀,사원,일반,operator,2024-10-03,,Y,29526@company.com
29543,A200059,이경숙,D008,경영지원팀,사원,일반,business,2020-06-27,2024-09-23,N,29543@company.com
29548,A190054,박명숙,D009,심사팀,대리,일반,business,2019-10-03,,Y,29548@company.com
29626,A250040,이영식,D013,자산운용팀,차장,파트장,business,2025-03-07,,Y,29626@company.com
29726,A170040,홍지아,D006,영업2팀,차장,파트장,business,2017-04-25,2025-04-25,N,29726@company.com
29782,A210055,김영식,D007,리스크관리팀,부장,팀장,business,2021-01-12,,Y,29782@company.com
29819,A190055,김중수,D001,IT개발1팀,과장,일반,developer,2019-08-26,,Y,29819@company.com
29864,A180050,한병철,D011,기획팀,대리,일반,business,2018-10-06,2025-05-03,N,29864@company.com
29876,A160030,이민수,D013,자산운용팀,차장,파트장,business,2016-07-13,,Y,29876@company.com
29879,A230055,김성진,D009,심사팀,과장,일반,business,2023-05-07,,Y,29879@company.com
29954,A200060,전정숙,D007,리스크관리팀,대리,일반,business,2020-03-20,,Y,29954@company.com
29960,A220060,김지우,D004,정보보안팀,사원,일반,security,2022-02-27,,Y,29960@company.com
