examMgmtNo,emOpenSeq,금융기관명,제재조치일,관련부서,기관제재내용,임원제재내용,직원제재내용,첨부파일명,첨부파일URL
202300145,6,흥국생명보험주식회사,20260204,IT검사국,임원 제재대상,직원 제재대상,첨부파일,202300145_06_202300145_흥국생명보험㈜ 정기검사 제재내용 공개안.pdf,https://www.fss.or.kr/fss.hpdownload?path=/dtm/opn/&file=202300145_06_202300145_%ED%9D%A5%EA%B5%AD%EC%83%9D%EB%AA%85%EB%B3%B4%ED%97%98%E3%88%9C+%EC%A0%95%EA%B8%B0%EA%B2%80%EC%82%AC+%EC%A0%9C%EC%9E%AC%EB%82%B4%EC%9A%A9+%EA%B3%B5%EA%B0%9C%EC%95%88.pdf
202400090,1,모아저축은행,20260126,IT검사국,임원 제재대상,직원 제재대상,첨부파일,202400090_01_모아저축은행 수시검사 제재내용 공개안.pdf,https://www.fss.or.kr/fss.hpdownload?path=/dtm/opn/&file=202400090_01_%EB%AA%A8%EC%95%84%EC%A0%80%EC%B6%95%EC%9D%80%ED%96%89+%EC%88%98%EC%8B%9C%EA%B2%80%EC%82%AC+%EC%A0%9C%EC%9E%AC%EB%82%B4%EC%9A%A9+%EA%B3%B5%EA%B0%9C%EC%95%88.pdf
202500110,1,주식회사 핀다,20260120,디지털금융총괄국,임원 제재대상,직원 제재대상,첨부파일,202500110_01_㈜핀다_제재내용 공개.pdf,https://www.fss.or.kr/fss.hpdownload?path=/dtm/opn/&file=202500110_01_%E3%88%9C%ED%95%80%EB%8B%A4_%EC%A0%9C%EC%9E%AC%EB%82%B4%EC%9A%A9+%EA%B3%B5%EA%B0%9C.pdf
202500111,1,주식회사 뱅크샐러드,20260120,디지털금융총괄국,임원 제재대상,직원 제재대상,첨부파일,202500111_01_㈜뱅크샐러드_제재내용 공개.pdf,https://www.fss.or.kr/fss.hpdownload?path=/dtm/opn/&file=202500111_01_%E3%88%9C%EB%B1%85%ED%81%AC%EC%83%90%EB%9F%AC%EB%93%9C_%EC%A0%9C%EC%9E%AC%EB%82%B4%EC%9A%A9+%EA%B3%B5%EA%B0%9C.pdf
202400484,5,주식회사 위메프,20251110,전자금융검사국,임원 제재대상,직원 제재대상,첨부파일,202400484_05_위메프 제재내용 공개안(F).pdf,https://www.fss.or.kr/fss.hpdownload?path=/dtm/opn/&file=202400484_05_%EC%9C%84%EB%A9%94%ED%94%84+%EC%A0%9C%EC%9E%AC%EB%82%B4%EC%9A%A9+%EA%B3%B5%EA%B0%9C%EC%95%88%28F%29.pdf
202400486,3,㈜티몬,20251110,전자금융검사국,임원 제재대상,직원 제재대상,첨부파일,202400486_03_티몬 제재내용 공개안(F).pdf,https://www.fss.or.kr/fss.hpdownload?path=/dtm/opn/&file=202400486_03_%ED%8B%B0%EB%AA%AC+%EC%A0%9C%EC%9E%AC%EB%82%B4%EC%9A%A9+%EA%B3%B5%EA%B0%9C%EC%95%88%28F%29.pdf
202300674,1,(주)헥토이노베이션,20250908,디지털금융총괄국,임원 제재대상,직원 제재대상,첨부파일,202300674_01_헥토이노베이션_제재내용 공개.pdf,https://www.fss.or.kr/fss.hpdownload?path=/dtm/opn/&file=202300674_01_%ED%97%A5%ED%86%A0%EC%9D%B4%EB%85%B8%EB%B2%A0%EC%9D%B4%EC%85%98_%EC%A0%9C%EC%9E%AC%EB%82%B4%EC%9A%A9+%EA%B3%B5%EA%B0%9C.pdf
202400776,1,롯데카드㈜,20250908,디지털금융총괄국,임원 제재대상,직원 제재대상,첨부파일,202400776_01_롯데카드_제재내용 공개.pdf,https://www.fss.or.kr/fss.hpdownload?path=/dtm/opn/&file=202400776_01_%EB%A1%AF%EB%8D%B0%EC%B9%B4%EB%93%9C_%EC%A0%9C%EC%9E%AC%EB%82%B4%EC%9A%A9+%EA%B3%B5%EA%B0%9C.pdf
202400670,1,㈜비바리퍼블리카,20250709,전자금융검사국,임원 제재대상,직원 제재대상,첨부파일,202400670_01_(주)비바리퍼블리카_제재내용_공개안.pdf,https://www.fss.or.kr/fss.hpdownload?path=/dtm/opn/&file=202400670_01_%28%EC%A3%BC%29%EB%B9%84%EB%B0%94%EB%A6%AC%ED%8D%BC%EB%B8%94%EB%A6%AC%EC%B9%B4_%EC%A0%9C%EC%9E%AC%EB%82%B4%EC%9A%A9_%EA%B3%B5%EA%B0%9C%EC%95%88.pdf
202200487,1,피에프씨테크놀로지스 주식회사,20250617,전자금융검사국,임원 제재대상,직원 제재대상,첨부파일,202200487_01_피에프씨테크놀로지스(주)_제재내용_공개안.pdf,https://www.fss.or.kr/fss.hpdownload?path=/dtm/opn/&file=202200487_01_%ED%94%BC%EC%97%90%ED%94%84%EC%94%A8%ED%85%8C%ED%81%AC%EB%86%80%EB%A1%9C%EC%A7%80%EC%8A%A4%28%EC%A3%BC%29_%EC%A0%9C%EC%9E%AC%EB%82%B4%EC%9A%A9_%EA%B3%B5%EA%B0%9C%EC%95%88.pdf
202300491,1,에이치엔알 주식회사,20250327,전자금융검사국,임원 제재대상,직원 제재대상,첨부파일,202300491_01_제재내용_공개안(에이치엔알(주)).pdf,https://www.fss.or.kr/fss.hpdownload?path=/dtm/opn/&file=202300491_01_%EC%A0%9C%EC%9E%AC%EB%82%B4%EC%9A%A9_%EA%B3%B5%EA%B0%9C%EC%95%88%28%EC%97%90%EC%9D%B4%EC%B9%98%EC%97%94%EC%95%8C%28%EC%A3%BC%29%29.pdf
202200171,1,비씨카드㈜,20250310,IT검사국,임원 제재대상,직원 제재대상,첨부파일,202200171_01_비씨카드_제재내용 공개내용.pdf,https://www.fss.or.kr/fss.hpdownload?path=/dtm/opn/&file=202200171_01_%EB%B9%84%EC%94%A8%EC%B9%B4%EB%93%9C_%EC%A0%9C%EC%9E%AC%EB%82%B4%EC%9A%A9+%EA%B3%B5%EA%B0%9C%EB%82%B4%EC%9A%A9.pdf
202200678,1,한국평가데이터 주식회사,20250214,디지털금융총괄국,임원 제재대상,직원 제재대상,첨부파일,202200678_01_한국평가데이터㈜_제재내용 공개.pdf,https://www.fss.or.kr/fss.hpdownload?path=/dtm/opn/&file=202200678_01_%ED%95%9C%EA%B5%AD%ED%8F%89%EA%B0%80%EB%8D%B0%EC%9D%B4%ED%84%B0%E3%88%9C_%EC%A0%9C%EC%9E%AC%EB%82%B4%EC%9A%A9+%EA%B3%B5%EA%B0%9C.pdf
202300616,1,주식회사 나이스디앤비,20250214,디지털금융총괄국,임원 제재대상,직원 제재대상,첨부파일,202300616_01_나이스디앤비㈜_제재내용 공개.pdf,https://www.fss.or.kr/fss.hpdownload?path=/dtm/opn/&file=202300616_01_%EB%82%98%EC%9D%B4%EC%8A%A4%EB%94%94%EC%95%A4%EB%B9%84%E3%88%9C_%EC%A0%9C%EC%9E%AC%EB%82%B4%EC%9A%A9+%EA%B3%B5%EA%B0%9C.pdf
202300010,2,나이스평가정보 주식회사,20250214,디지털금융총괄국,임원 제재대상,직원 제재대상,첨부파일,202300010_02_나이스평가정보㈜_제재내용 공개.pdf,https://www.fss.or.kr/fss.hpdownload?path=/dtm/opn/&file=202300010_02_%EB%82%98%EC%9D%B4%EC%8A%A4%ED%8F%89%EA%B0%80%EC%A0%95%EB%B3%B4%E3%88%9C_%EC%A0%9C%EC%9E%AC%EB%82%B4%EC%9A%A9+%EA%B3%B5%EA%B0%9C.pdf
202300009,1,SCI평가정보 주식회사,20250214,디지털금융총괄국,임원 제재대상,직원 제재대상,첨부파일,202300009_01_SCI평가정보㈜_제재내용 공개.pdf,https://www.fss.or.kr/fss.hpdownload?path=/dtm/opn/&file=202300009_01_SCI%ED%8F%89%EA%B0%80%EC%A0%95%EB%B3%B4%E3%88%9C_%EC%A0%9C%EC%9E%AC%EB%82%B4%EC%9A%A9+%EA%B3%B5%EA%B0%9C.pdf
202300008,2,이크레더블 주식회사,20250214,디지털금융총괄국,임원 제재대상,직원 제재대상,첨부파일,202300008_02_㈜이크레더블_제재내용 공개.pdf,https://www.fss.or.kr/fss.hpdownload?path=/dtm/opn/&file=202300008_02_%E3%88%9C%EC%9D%B4%ED%81%AC%EB%A0%88%EB%8D%94%EB%B8%94_%EC%A0%9C%EC%9E%AC%EB%82%B4%EC%9A%A9+%EA%B3%B5%EA%B0%9C.pdf
202200121,3,롯데카드㈜,20240802,IT검사국,임원 제재대상,직원 제재대상,첨부파일,202200121_03_롯데카드 제재내용 공개내용(IT검사).pdf,https://www.fss.or.kr/fss.hpdownload?path=/dtm/opn/&file=202200121_03_%EB%A1%AF%EB%8D%B0%EC%B9%B4%EB%93%9C+%EC%A0%9C%EC%9E%AC%EB%82%B4%EC%9A%A9+%EA%B3%B5%EA%B0%9C%EB%82%B4%EC%9A%A9%28IT%EA%B2%80%EC%82%AC%29.pdf
202300377,1,NH선물주식회사,20240730,IT검사국,임원 제재대상,직원 제재대상,첨부파일,202300377_01_NH선물(주)_제재내용_공개안_F.pdf,https://www.fss.or.kr/fss.hpdownload?path=/dtm/opn/&file=202300377_01_NH%EC%84%A0%EB%AC%BC%28%EC%A3%BC%29_%EC%A0%9C%EC%9E%AC%EB%82%B4%EC%9A%A9_%EA%B3%B5%EA%B0%9C%EC%95%88_F.pdf
202300376,1,신한투자증권 주식회사,20240607,IT검사국,임원 제재대상,직원 제재대상,첨부파일,202300376_01_신한투자증권(주)_제재내용_공개안_F.pdf,https://www.fss.or.kr/fss.hpdownload?path=/dtm/opn/&file=202300376_01_%EC%8B%A0%ED%95%9C%ED%88%AC%EC%9E%90%EC%A6%9D%EA%B6%8C%28%EC%A3%BC%29_%EC%A0%9C%EC%9E%AC%EB%82%B4%EC%9A%A9_%EA%B3%B5%EA%B0%9C%EC%95%88_F.pdf
202100550,1,SK증권주식회사,20231221,IT검사국,임원 제재대상,직원 제재대상,첨부파일,202100550_01_SK증권(주)_제재내용_공개안_FN.pdf,https://www.fss.or.kr/fss.hpdownload?path=/dtm/opn/&file=202100550_01_SK%EC%A6%9D%EA%B6%8C%28%EC%A3%BC%29_%EC%A0%9C%EC%9E%AC%EB%82%B4%EC%9A%A9_%EA%B3%B5%EA%B0%9C%EC%95%88_FN.pdf
202200176,1,주식회사 와이펀드,20231011,디지털금융혁신국,임원 제재대상,직원 제재대상,첨부파일,202200176_01_제재내용 공시_와이펀드.pdf,https://www.fss.or.kr/fss.hpdownload?path=/dtm/opn/&file=202200176_01_%EC%A0%9C%EC%9E%AC%EB%82%B4%EC%9A%A9+%EA%B3%B5%EC%8B%9C_%EC%99%80%EC%9D%B4%ED%8E%80%EB%93%9C.pdf
202200175,1,주식회사 에잇퍼센트,20231011,디지털금융혁신국,임원 제재대상,직원 제재대상,첨부파일,202200175_01_제재내용 공시_에잇퍼센트.pdf,https://www.fss.or.kr/fss.hpdownload?path=/dtm/opn/&file=202200175_01_%EC%A0%9C%EC%9E%AC%EB%82%B4%EC%9A%A9+%EA%B3%B5%EC%8B%9C_%EC%97%90%EC%9E%87%ED%8D%BC%EC%84%BC%ED%8A%B8.pdf
202200174,1,주식회사 다온핀테크,20231011,디지털금융혁신국,임원 제재대상,직원 제재대상,첨부파일,202200174_01_제재내용 공시_다온핀테크.pdf,https://www.fss.or.kr/fss.hpdownload?path=/dtm/opn/&file=202200174_01_%EC%A0%9C%EC%9E%AC%EB%82%B4%EC%9A%A9+%EA%B3%B5%EC%8B%9C_%EB%8B%A4%EC%98%A8%ED%95%80%ED%85%8C%ED%81%AC.pdf
202200173,1,주식회사 미라클핀테크,20231011,디지털금융혁신국,임원 제재대상,직원 제재대상,첨부파일,202200173_01_제재내용 공시_미라클핀테크.pdf,https://www.fss.or.kr/fss.hpdownload?path=/dtm/opn/&file=202200173_01_%EC%A0%9C%EC%9E%AC%EB%82%B4%EC%9A%A9+%EA%B3%B5%EC%8B%9C_%EB%AF%B8%EB%9D%BC%ED%81%B4%ED%95%80%ED%85%8C%ED%81%AC.pdf
202200172,1,주식회사 오아시스펀드,20231011,디지털금융혁신국,임원 제재대상,직원 제재대상,첨부파일,202200172_01_제재내용 공시_오아시스펀드.pdf,https://www.fss.or.kr/fss.hpdownload?path=/dtm/opn/&file=202200172_01_%EC%A0%9C%EC%9E%AC%EB%82%B4%EC%9A%A9+%EA%B3%B5%EC%8B%9C_%EC%98%A4%EC%95%84%EC%8B%9C%EC%8A%A4%ED%8E%80%EB%93%9C.pdf
202200160,1,주식회사 투게더앱스,20231011,디지털금융혁신국,임원 제재대상,직원 제재대상,첨부파일,202200160_01_제재내용 공개_투게더앱스.pdf,https://www.fss.or.kr/fss.hpdownload?path=/dtm/opn/&file=202200160_01_%EC%A0%9C%EC%9E%AC%EB%82%B4%EC%9A%A9+%EA%B3%B5%EA%B0%9C_%ED%88%AC%EA%B2%8C%EB%8D%94%EC%95%B1%EC%8A%A4.pdf
202200402,1,주식회사 위펀딩,20230308,디지털금융혁신국,임원 제재대상,직원 제재대상,첨부파일,202200402_01_230317_위펀딩_제재내용_공개안.pdf,https://www.fss.or.kr/fss.hpdownload?path=/dtm/opn/&file=202200402_01_230317_%EC%9C%84%ED%8E%80%EB%94%A9_%EC%A0%9C%EC%9E%AC%EB%82%B4%EC%9A%A9_%EA%B3%B5%EA%B0%9C%EC%95%88.pdf
202100643,1,유진투자증권주식회사,20221130,IT검사국,문책(과태료부과) 1건,주의 1명,"견책 2명, 퇴직자 위법·부당사항(견책 상당) 1명",202100643_01_유진투자증권 부문검사 제재내용 공개안.pdf,https://www.fss.or.kr/fss.hpdownload?path=/dtm/opn/&file=202100643_01_%EC%9C%A0%EC%A7%84%ED%88%AC%EC%9E%90%EC%A6%9D%EA%B6%8C+%EB%B6%80%EB%AC%B8%EA%B2%80%EC%82%AC+%EC%A0%9C%EC%9E%AC%EB%82%B4%EC%9A%A9+%EA%B3%B5%EA%B0%9C%EC%95%88.pdf
202100533,1,키움예스저축은행,20220628,IT검사국,"문책(과태료부과) 1건, 기관주의 1건",주의 1명,견책 1명,202100533_01_㈜키움예스저축은행_제재내용_공개안.pdf,https://www.fss.or.kr/fss.hpdownload?path=/dtm/opn/&file=202100533_01_%E3%88%9C%ED%82%A4%EC%9B%80%EC%98%88%EC%8A%A4%EC%A0%80%EC%B6%95%EC%9D%80%ED%96%89_%EC%A0%9C%EC%9E%AC%EB%82%B4%EC%9A%A9_%EA%B3%B5%EA%B0%9C%EC%95%88.pdf
202100329,1,엔에이치엔페이코㈜,20220307,IT검사국,"과태료 부과(2,720만원)",주의 1명,"주의 1명, 퇴직자 위법·부당사항(주의 상당) 1명",202100329_01_202100329_01_엔에이치엔페이코㈜_제재내용_공개안.pdf,https://www.fss.or.kr/fss.hpdownload?path=/dtm/opn/&file=202100329_01_202100329_01_%EC%97%94%EC%97%90%EC%9D%B4%EC%B9%98%EC%97%94%ED%8E%98%EC%9D%B4%EC%BD%94%E3%88%9C_%EC%A0%9C%EC%9E%AC%EB%82%B4%EC%9A%A9_%EA%B3%B5%EA%B0%9C%EC%95%88.pdf
202100355,1,한국자산관리공사,20220128,디지털금융검사국,문책(과태료부과) 1건,"주의 2명, 퇴직자 위법·부당사항(주의 상당) 2명, 퇴직자위법사실 통지 1명",첨부파일,202100355_01_한국자산관리공사 제재공시안.pdf,https://www.fss.or.kr/fss.hpdownload?path=/dtm/opn/&file=202100355_01_%ED%95%9C%EA%B5%AD%EC%9E%90%EC%82%B0%EA%B4%80%EB%A6%AC%EA%B3%B5%EC%82%AC+%EC%A0%9C%EC%9E%AC%EA%B3%B5%EC%8B%9C%EC%95%88.pdf
202100225,1,코리아크레딧뷰로 주식회사,20211209,디지털금융검사국,"과태료 2,000만원 부과",주의 1명,첨부파일,202100225_01_제재내용공개_코리아크레딧뷰로(주).pdf,https://www.fss.or.kr/fss.hpdownload?path=/dtm/opn/&file=202100225_01_%EC%A0%9C%EC%9E%AC%EB%82%B4%EC%9A%A9%EA%B3%B5%EA%B0%9C_%EC%BD%94%EB%A6%AC%EC%95%84%ED%81%AC%EB%A0%88%EB%94%A7%EB%B7%B0%EB%A1%9C%28%EC%A3%BC%29.pdf
202100134,1,네이버파이낸셜 주식회사,20211103,디지털금융검사국,"과태료 부과(2,360만원)",주의 3명,첨부파일,202100134_01_네이버파이낸셜㈜_제재내용_공개안.pdf,https://www.fss.or.kr/fss.hpdownload?path=/dtm/opn/&file=202100134_01_%EB%84%A4%EC%9D%B4%EB%B2%84%ED%8C%8C%EC%9D%B4%EB%82%B8%EC%85%9C%E3%88%9C_%EC%A0%9C%EC%9E%AC%EB%82%B4%EC%9A%A9_%EA%B3%B5%EA%B0%9C%EC%95%88.pdf
202000603,1,미래신용정보 주식회사,20210614,디지털금융검사국,"과태료 10,960만원 부과",견책 1명,"감봉 3월 1명, 주의 1명, 위임직채권추심인 과태료 90만원 부과 2명",202000603_01_제재내용 공개_미래신용정보2.pdf,https://www.fss.or.kr/fss.hpdownload?path=/dtm/opn/&file=202000603_01_%EC%A0%9C%EC%9E%AC%EB%82%B4%EC%9A%A9+%EA%B3%B5%EA%B0%9C_%EB%AF%B8%EB%9E%98%EC%8B%A0%EC%9A%A9%EC%A0%95%EB%B3%B42.pdf
202000446,1,㈜카카오페이,20210503,디지털금융검사국,"과태료 부과(6,960만원)",주의 2명,주의 1명,202000446_01_(주)카카오페이_제재내용_공개안.pdf,https://www.fss.or.kr/fss.hpdownload?path=/dtm/opn/&file=202000446_01_%28%EC%A3%BC%29%EC%B9%B4%EC%B9%B4%EC%98%A4%ED%8E%98%EC%9D%B4_%EC%A0%9C%EC%9E%AC%EB%82%B4%EC%9A%A9_%EA%B3%B5%EA%B0%9C%EC%95%88.pdf
201900064,1,한국금융투자협회,20210330,디지털금융검사국,과태료 30백만원,퇴직자 위법·부당사항(주의 상당) 1명,자율처리필요사항 통보,201900064_01_한국금융투자협회_부문검사_제재내용 공개안_F.pdf,https://www.fss.or.kr/fss.hpdownload?path=/dtm/opn/&file=201900064_01_%ED%95%9C%EA%B5%AD%EA%B8%88%EC%9C%B5%ED%88%AC%EC%9E%90%ED%98%91%ED%9A%8C_%EB%B6%80%EB%AC%B8%EA%B2%80%EC%82%AC_%EC%A0%9C%EC%9E%AC%EB%82%B4%EC%9A%A9+%EA%B3%B5%EA%B0%9C%EC%95%88_F.pdf
202000334,1,㈜비바리퍼블리카,20210329,디지털금융검사국,"과태료 부과(3,720만원)","주의 2명, 퇴직자 위법ㆍ부당사항(주의 상당) 1명",퇴직자 위법ㆍ부당사항(주의 상당) 1명,202000334_01_(주)비바리퍼블리카 제재내용 공개안.pdf,https://www.fss.or.kr/fss.hpdownload?path=/dtm/opn/&file=202000334_01_%28%EC%A3%BC%29%EB%B9%84%EB%B0%94%EB%A6%AC%ED%8D%BC%EB%B8%94%EB%A6%AC%EC%B9%B4+%EC%A0%9C%EC%9E%AC%EB%82%B4%EC%9A%A9+%EA%B3%B5%EA%B0%9C%EC%95%88.pdf
202000031,1,신한은행,20210329,디지털금융검사국,기관주의,주의 1명,자율처리 필요사항,202000031_01_210329_신한은행에 대한 부문검사 결과 제재공시.pdf,https://www.fss.or.kr/fss.hpdownload?path=/dtm/opn/&file=202000031_01_210329_%EC%8B%A0%ED%95%9C%EC%9D%80%ED%96%89%EC%97%90+%EB%8C%80%ED%95%9C+%EB%B6%80%EB%AC%B8%EA%B2%80%EC%82%AC+%EA%B2%B0%EA%B3%BC+%EC%A0%9C%EC%9E%AC%EA%B3%B5%EC%8B%9C.pdf
202000362,1,한국투자증권,20210329,디지털금융검사국,과태료 48백만원,직원 제재대상,첨부파일,202000362_01_한국투자증권_부문검사_제재내용 공개안_F.pdf,https://www.fss.or.kr/fss.hpdownload?path=/dtm/opn/&file=202000362_01_%ED%95%9C%EA%B5%AD%ED%88%AC%EC%9E%90%EC%A6%9D%EA%B6%8C_%EB%B6%80%EB%AC%B8%EA%B2%80%EC%82%AC_%EC%A0%9C%EC%9E%AC%EB%82%B4%EC%9A%A9+%EA%B3%B5%EA%B0%9C%EC%95%88_F.pdf
202000395,1,고려신용정보 주식회사,20210312,디지털금융검사국,"과태료 3,840만원 부과",직원 제재대상,"주의 1명, 위임직채권추심인 과태료 120만원 부과 1명, 90만원 부과 3명",202000395_01_202000395_01_제재내용 공개_고려신용정보.pdf,https://www.fss.or.kr/fss.hpdownload?path=/dtm/opn/&file=202000395_01_202000395_01_%EC%A0%9C%EC%9E%AC%EB%82%B4%EC%9A%A9+%EA%B3%B5%EA%B0%9C_%EA%B3%A0%EB%A0%A4%EC%8B%A0%EC%9A%A9%EC%A0%95%EB%B3%B4.pdf
202000148,1,메르세데스벤츠파이낸셜서비스코리아㈜,20210218,디지털금융검사국,"문책(과태료 부과) 3건, 과태료 1,440만원",직원 제재대상,주의 1명,202000148_01_메르세데스벤츠파이낸셜서비스코리아_제재내용 공개안.pdf,https://www.fss.or.kr/fss.hpdownload?path=/dtm/opn/&file=202000148_01_%EB%A9%94%EB%A5%B4%EC%84%B8%EB%8D%B0%EC%8A%A4%EB%B2%A4%EC%B8%A0%ED%8C%8C%EC%9D%B4%EB%82%B8%EC%85%9C%EC%84%9C%EB%B9%84%EC%8A%A4%EC%BD%94%EB%A6%AC%EC%95%84_%EC%A0%9C%EC%9E%AC%EB%82%B4%EC%9A%A9+%EA%B3%B5%EA%B0%9C%EC%95%88.pdf
202000152,1,(주)에이닐에프앤피,20210218,디지털금융검사국,"문책(과태료부과) 3건, 과태료 2,400만원",퇴직자 위법·부당사항(주의상당) 1명,첨부파일,202000152_01_에이닐에프앤피_제재내용 공개안.pdf,https://www.fss.or.kr/fss.hpdownload?path=/dtm/opn/&file=202000152_01_%EC%97%90%EC%9D%B4%EB%8B%90%EC%97%90%ED%94%84%EC%95%A4%ED%94%BC_%EC%A0%9C%EC%9E%AC%EB%82%B4%EC%9A%A9+%EA%B3%B5%EA%B0%9C%EC%95%88.pdf
202000151,1,㈜동서아이티에스,20210218,디지털금융검사국,"문책(과태료부과) 2건, 과태료 2,400만원",직원 제재대상,주의 1명,202000151_01_동서아이티에스_제재내용 공개안.pdf,https://www.fss.or.kr/fss.hpdownload?path=/dtm/opn/&file=202000151_01_%EB%8F%99%EC%84%9C%EC%95%84%EC%9D%B4%ED%8B%B0%EC%97%90%EC%8A%A4_%EC%A0%9C%EC%9E%AC%EB%82%B4%EC%9A%A9+%EA%B3%B5%EA%B0%9C%EC%95%88.pdf
202000150,1,㈜13마일,20210218,디지털금융검사국,"문책(과태료부과) 1건, 과태료 960만원",퇴직자 위법·부당사항(주의상당) 1명,퇴직자 위법·부당사항(주의상당) 1명,202000150_01_13마일_제재내용 공개안.pdf,https://www.fss.or.kr/fss.hpdownload?path=/dtm/opn/&file=202000150_01_13%EB%A7%88%EC%9D%BC_%EC%A0%9C%EC%9E%AC%EB%82%B4%EC%9A%A9+%EA%B3%B5%EA%B0%9C%EC%95%88.pdf
202000149,1,구글페이먼트코리아 유한회사,20210218,디지털금융검사국,"문책(과태료부과) 1건, 과태료 480만원","주의 1명, 퇴직자 위법·부당사항(주의상당) 1명",첨부파일,202000149_01_구글페이먼트코리아_제재내용 공개안.pdf,https://www.fss.or.kr/fss.hpdownload?path=/dtm/opn/&file=202000149_01_%EA%B5%AC%EA%B8%80%ED%8E%98%EC%9D%B4%EB%A8%BC%ED%8A%B8%EC%BD%94%EB%A6%AC%EC%95%84_%EC%A0%9C%EC%9E%AC%EB%82%B4%EC%9A%A9+%EA%B3%B5%EA%B0%9C%EC%95%88.pdf
202000146,1,동양생명보험주식회사,20210113,IT·핀테크전략국,과태료 720만원,퇴직자 위법·부당사항(주의 상당) : 1명,첨부파일,202000146_01_동양생명 제재내용 공개안.hwp,https://www.fss.or.kr/fss.hpdownload?path=/dtm/opn/&file=202000146_01_%EB%8F%99%EC%96%91%EC%83%9D%EB%AA%85+%EC%A0%9C%EC%9E%AC%EB%82%B4%EC%9A%A9+%EA%B3%B5%EA%B0%9C%EC%95%88.hwp
202000157,1,㈜핀크,20210106,IT·핀테크전략국,"문책(과태료부과) 1건, 과태료 480만원",직원 제재대상,주의 1명,202000157_01_핀크_제재내용 공개안.pdf,https://www.fss.or.kr/fss.hpdownload?path=/dtm/opn/&file=202000157_01_%ED%95%80%ED%81%AC_%EC%A0%9C%EC%9E%AC%EB%82%B4%EC%9A%A9+%EA%B3%B5%EA%B0%9C%EC%95%88.pdf
201900441,1,주식회사 파스타,20201230,핀테크혁신실,"기관주의, 과태료 140만원 부과",퇴직자 위법·부당사항(주의상당) 1명,첨부파일,201900441_01_㈜파스타.pdf,https://www.fss.or.kr/fss.hpdownload?path=/dtm/opn/&file=201900441_01_%E3%88%9C%ED%8C%8C%EC%8A%A4%ED%83%80.pdf
201900381,1,주식회사 웰스펀딩대부,20201230,핀테크혁신실,"기관주의, 과태료 40만원 부과",주의 1명,첨부파일,201900381_01_㈜웰스펀딩대부.pdf,https://www.fss.or.kr/fss.hpdownload?path=/dtm/opn/&file=201900381_01_%E3%88%9C%EC%9B%B0%EC%8A%A4%ED%8E%80%EB%94%A9%EB%8C%80%EB%B6%80.pdf
201900326,1,주식회사 아나리츠캐피탈대부,20201230,핀테크혁신실,"기관주의, 과태료 240만원 부과",주의 1명,첨부파일,201900326_01_㈜아나리츠캐피탈대부.pdf,https://www.fss.or.kr/fss.hpdownload?path=/dtm/opn/&file=201900326_01_%E3%88%9C%EC%95%84%EB%82%98%EB%A6%AC%EC%B8%A0%EC%BA%90%ED%94%BC%ED%83%88%EB%8C%80%EB%B6%80.pdf
201900464,1,주식회사 한우리크라우드대부,20201230,핀테크혁신실,"기관주의, 과태료 240만원 부과",주의 1명,첨부파일,201900464_01_㈜한우리크라우드대부.pdf,https://www.fss.or.kr/fss.hpdownload?path=/dtm/opn/&file=201900464_01_%E3%88%9C%ED%95%9C%EC%9A%B0%EB%A6%AC%ED%81%AC%EB%9D%BC%EC%9A%B0%EB%93%9C%EB%8C%80%EB%B6%80.pdf
201900446,1,주식회사 프리펀딩대부,20201230,핀테크혁신실,"기관주의, 과태료 240만원 부과",주의 1명,첨부파일,201900446_01_㈜프리펀딩대부.pdf,https://www.fss.or.kr/fss.hpdownload?path=/dtm/opn/&file=201900446_01_%E3%88%9C%ED%94%84%EB%A6%AC%ED%8E%80%EB%94%A9%EB%8C%80%EB%B6%80.pdf
201900434,1,주식회사 통일자산관리대부,20201230,핀테크혁신실,과태료 40만원 부과,퇴직자 위법·부당사항(주의상당) 1명,첨부파일,201900434_01_㈜통일자산관리대부.pdf,https://www.fss.or.kr/fss.hpdownload?path=/dtm/opn/&file=201900434_01_%E3%88%9C%ED%86%B5%EC%9D%BC%EC%9E%90%EC%82%B0%EA%B4%80%EB%A6%AC%EB%8C%80%EB%B6%80.pdf
201900351,1,에이치엔펀딩대부 주식회사,20201230,핀테크혁신실,과태료 240만원 부과,퇴직자 위법·부당사항(주의상당) 1명,첨부파일,201900351_01_에이치엔펀딩대부㈜.pdf,https://www.fss.or.kr/fss.hpdownload?path=/dtm/opn/&file=201900351_01_%EC%97%90%EC%9D%B4%EC%B9%98%EC%97%94%ED%8E%80%EB%94%A9%EB%8C%80%EB%B6%80%E3%88%9C.pdf
201900287,1,주식회사 미라클핀테크대부,20201230,핀테크혁신실,"기관주의, 과태료 40만원 부과",주의 1명,첨부파일,201900287_01_㈜미라클핀테크대부.pdf,https://www.fss.or.kr/fss.hpdownload?path=/dtm/opn/&file=201900287_01_%E3%88%9C%EB%AF%B8%EB%9D%BC%ED%81%B4%ED%95%80%ED%85%8C%ED%81%AC%EB%8C%80%EB%B6%80.pdf
201900253,1,더줌대부금융 주식회사,20201230,핀테크혁신실,"기관주의, 과태료 20만원 부과",퇴직자 위법·부당사항(주의상당) 1명,첨부파일,201900253_01_더줌대부금융.pdf,https://www.fss.or.kr/fss.hpdownload?path=/dtm/opn/&file=201900253_01_%EB%8D%94%EC%A4%8C%EB%8C%80%EB%B6%80%EA%B8%88%EC%9C%B5.pdf
201900451,1,핀테크인베스트먼트대부 주식회사,20201230,핀테크혁신실,"기관주의, 과태료 240만원 부과",퇴직자 위법·부당사항(주의상당) 1명,첨부파일,201900451_01_핀테크인베스트먼트대부㈜.pdf,https://www.fss.or.kr/fss.hpdownload?path=/dtm/opn/&file=201900451_01_%ED%95%80%ED%85%8C%ED%81%AC%EC%9D%B8%EB%B2%A0%EC%8A%A4%ED%8A%B8%EB%A8%BC%ED%8A%B8%EB%8C%80%EB%B6%80%E3%88%9C.pdf
201900416,1,(주)천사크라우드대부,20201230,핀테크혁신실,"기관주의, 과태료 240만원 부과",주의 1명,첨부파일,201900416_01_㈜천사크라우드대부.pdf,https://www.fss.or.kr/fss.hpdownload?path=/dtm/opn/&file=201900416_01_%E3%88%9C%EC%B2%9C%EC%82%AC%ED%81%AC%EB%9D%BC%EC%9A%B0%EB%93%9C%EB%8C%80%EB%B6%80.pdf
201900369,1,오리펀드대부 주식회사,20201230,핀테크혁신실,과태료 240만원 부과,퇴직자 위법·부당사항(주의상당) 2명,첨부파일,201900369_01_오리펀드대부㈜.pdf,https://www.fss.or.kr/fss.hpdownload?path=/dtm/opn/&file=201900369_01_%EC%98%A4%EB%A6%AC%ED%8E%80%EB%93%9C%EB%8C%80%EB%B6%80%E3%88%9C.pdf
201900286,1,주식회사 미드레이트대부,20201230,핀테크혁신실,"기관주의, 과태료 40만원 부과",주의 1명,첨부파일,201900286_01_㈜미드레이트대부.pdf,https://www.fss.or.kr/fss.hpdownload?path=/dtm/opn/&file=201900286_01_%E3%88%9C%EB%AF%B8%EB%93%9C%EB%A0%88%EC%9D%B4%ED%8A%B8%EB%8C%80%EB%B6%80.pdf
201900311,1,주식회사 슈펙스펀드대부,20201230,핀테크혁신실,과태료 140만원 부과,퇴직자 위법·부당사항(주의상당) 1명,첨부파일,201900311_01_㈜슈펙스펀드대부.pdf,https://www.fss.or.kr/fss.hpdownload?path=/dtm/opn/&file=201900311_01_%E3%88%9C%EC%8A%88%ED%8E%99%EC%8A%A4%ED%8E%80%EB%93%9C%EB%8C%80%EB%B6%80.pdf
201900412,1,주식회사 티페이대부,20201230,핀테크혁신실,과태료 100만원 부과,퇴직자 위법·부당사항(주의상당) 1명,첨부파일,201900412_01_㈜티페이대부.pdf,https://www.fss.or.kr/fss.hpdownload?path=/dtm/opn/&file=201900412_01_%E3%88%9C%ED%8B%B0%ED%8E%98%EC%9D%B4%EB%8C%80%EB%B6%80.pdf
201900256,1,주식회사 더하이원크라우드대부,20201229,핀테크혁신실,등록취소 및 과태료 240만원 부과,퇴직자 위법·부당사항(주의상당) 1명,첨부파일,201900256_01_㈜더하이원크라우드대부.pdf,https://www.fss.or.kr/fss.hpdownload?path=/dtm/opn/&file=201900256_01_%E3%88%9C%EB%8D%94%ED%95%98%EC%9D%B4%EC%9B%90%ED%81%AC%EB%9D%BC%EC%9A%B0%EB%93%9C%EB%8C%80%EB%B6%80.pdf
201900445,1,주식회사 폴라리스대부,20201229,핀테크혁신실,등록취소 및 과태료 240만원 부과,주의 1명,첨부파일,201900445_01_㈜폴라리스대부.pdf,https://www.fss.or.kr/fss.hpdownload?path=/dtm/opn/&file=201900445_01_%E3%88%9C%ED%8F%B4%EB%9D%BC%EB%A6%AC%EC%8A%A4%EB%8C%80%EB%B6%80.pdf
201900436,1,주식회사 투피엠대부,20201229,핀테크혁신실,등록취소 및 과태료 240만원 부과,주의 1명,첨부파일,201900436_01_㈜투피엠대부.pdf,https://www.fss.or.kr/fss.hpdownload?path=/dtm/opn/&file=201900436_01_%E3%88%9C%ED%88%AC%ED%94%BC%EC%97%A0%EB%8C%80%EB%B6%80.pdf
201901103,1,팝펀딩소셜대부 주식회사,20201203,핀테크혁신실,임원 제재대상,퇴직자 위법·부당사항(문책경고 상당) 1명,퇴직자 위법·부당사항(감봉3월 상당)1명,201901103_01_(팝펀딩소셜대부)제재내용 공개안.pdf,https://www.fss.or.kr/fss.hpdownload?path=/dtm/opn/&file=201901103_01_%28%ED%8C%9D%ED%8E%80%EB%94%A9%EC%86%8C%EC%85%9C%EB%8C%80%EB%B6%80%29%EC%A0%9C%EC%9E%AC%EB%82%B4%EC%9A%A9+%EA%B3%B5%EA%B0%9C%EC%95%88.pdf
201800707,3,우리은행,20200917,IT·핀테크전략국,"기관경고(조치 생략), 과태료 60억 5,000만원","퇴직자 위법부당사항 (주의 상당) 2명(조치 생략),",자율처리 필요사항,201800707_03_20200918 우리은행 경평검사(IT부문) 제재내용 공개안_fn.pdf,https://www.fss.or.kr/fss.hpdownload?path=/dtm/opn/&file=201800707_03_20200918+%EC%9A%B0%EB%A6%AC%EC%9D%80%ED%96%89+%EA%B2%BD%ED%8F%89%EA%B2%80%EC%82%AC%28IT%EB%B6%80%EB%AC%B8%29+%EC%A0%9C%EC%9E%AC%EB%82%B4%EC%9A%A9+%EA%B3%B5%EA%B0%9C%EC%95%88_fn.pdf
201800707,2,우리은행,20200708,IT·핀테크전략국,"기관경고(조치 생략), 과태료 8,000만원","퇴직자 위법·부당사항 (정직3월 상당) 2명, 감봉3월 1명,",자율처리 필요사항,201800707_02_우리은행_경평검사(IT검사)결과_제재내용공개안_F.pdf,https://www.fss.or.kr/fss.hpdownload?path=/dtm/opn/&file=201800707_02_%EC%9A%B0%EB%A6%AC%EC%9D%80%ED%96%89_%EA%B2%BD%ED%8F%89%EA%B2%80%EC%82%AC%28IT%EA%B2%80%EC%82%AC%29%EA%B2%B0%EA%B3%BC_%EC%A0%9C%EC%9E%AC%EB%82%B4%EC%9A%A9%EA%B3%B5%EA%B0%9C%EC%95%88_F.pdf
201900580,1,한화투자증권주식회사,20200630,IT·핀테크전략국,과태료 54백만원 부과,주의 1명,자율처리 필요사항 통보,201900580_01_한화투자증권 제재내용 공개.pdf,https://www.fss.or.kr/fss.hpdownload?path=/dtm/opn/&file=201900580_01_%ED%95%9C%ED%99%94%ED%88%AC%EC%9E%90%EC%A6%9D%EA%B6%8C+%EC%A0%9C%EC%9E%AC%EB%82%B4%EC%9A%A9+%EA%B3%B5%EA%B0%9C.pdf
201900698,1,SK증권주식회사,20200409,IT·핀테크전략국,"과태료 2,400만원",2명,첨부파일,201900698_01_SK증권 제재내용 공개.pdf,https://www.fss.or.kr/fss.hpdownload?path=/dtm/opn/&file=201900698_01_SK%EC%A6%9D%EA%B6%8C+%EC%A0%9C%EC%9E%AC%EB%82%B4%EC%9A%A9+%EA%B3%B5%EA%B0%9C.pdf
201606040,2,하나은행,20200210,IT·핀테크전략국,임원 제재대상,직원 제재대상,자율처리필요사항 1건,201606040_02_20200217_하나은행_제재공시.pdf,https://www.fss.or.kr/fss.hpdownload?path=/dtm/opn/&file=201606040_02_20200217_%ED%95%98%EB%82%98%EC%9D%80%ED%96%89_%EC%A0%9C%EC%9E%AC%EA%B3%B5%EC%8B%9C.pdf
201900206,1,수협은행,20191126,IT·핀테크전략국,"과태료(3,000만원)",직원 제재대상,자율처리필요사항,201900206_01_20191205 수협은행 제재내용 공개안.pdf,https://www.fss.or.kr/fss.hpdownload?path=/dtm/opn/&file=201900206_01_20191205+%EC%88%98%ED%98%91%EC%9D%80%ED%96%89+%EC%A0%9C%EC%9E%AC%EB%82%B4%EC%9A%A9+%EA%B3%B5%EA%B0%9C%EC%95%88.pdf
201900523,1,에이비엘생명보험주식회사,20191028,IT·핀테크전략국,과태료 30백만원,"주의 1명, 퇴직자 위법·부당사항(주의상당) 1명",자율처리 필요사항 통보,201900523_01_제재 내용 공개안_에이비엘생명보험_공개F.pdf,https://www.fss.or.kr/fss.hpdownload?path=/dtm/opn/&file=201900523_01_%EC%A0%9C%EC%9E%AC+%EB%82%B4%EC%9A%A9+%EA%B3%B5%EA%B0%9C%EC%95%88_%EC%97%90%EC%9D%B4%EB%B9%84%EC%97%98%EC%83%9D%EB%AA%85%EB%B3%B4%ED%97%98_%EA%B3%B5%EA%B0%9CF.pdf
201800951,1,주식회사KB손해보험,20190717,IT·핀테크전략국,과태료 2400만원,퇴직자 위법사실 통보 1건(주의수준),첨부파일,201800951_01_KB손보 문책 등 공개.hwp,https://www.fss.or.kr/fss.hpdownload?path=/dtm/opn/&file=201800951_01_KB%EC%86%90%EB%B3%B4+%EB%AC%B8%EC%B1%85+%EB%93%B1+%EA%B3%B5%EA%B0%9C.hwp
201800925,1,네이버㈜,20190717,IT·핀테크전략국,"과태료(3,000만원)",직원 제재대상,"주의 1명, 퇴직자 위법사실 통지(주의수준) 1명",201800925_01_네이버_제재내용_공개안_FN.pdf,https://www.fss.or.kr/fss.hpdownload?path=/dtm/opn/&file=201800925_01_%EB%84%A4%EC%9D%B4%EB%B2%84_%EC%A0%9C%EC%9E%AC%EB%82%B4%EC%9A%A9_%EA%B3%B5%EA%B0%9C%EC%95%88_FN.pdf
201710930,1,한국스탠다드차타드은행,20190703,IT·핀테크전략국,"과태료(2,000만원)",직원 제재대상,자율처리필요사항,201710930_01_190705_한국스탠다드차타드은행_제재내용_공개안.pdf,https://www.fss.or.kr/fss.hpdownload?path=/dtm/opn/&file=201710930_01_190705_%ED%95%9C%EA%B5%AD%EC%8A%A4%ED%83%A0%EB%8B%A4%EB%93%9C%EC%B0%A8%ED%83%80%EB%93%9C%EC%9D%80%ED%96%89_%EC%A0%9C%EC%9E%AC%EB%82%B4%EC%9A%A9_%EA%B3%B5%EA%B0%9C%EC%95%88.pdf
201800500,1,KB증권주식회사,20190419,IT·핀테크전략국,"기관주의, 과태료(7,200만원)",주의 2명,"퇴직자 위법부당사항(면직상당) 통보 1명, 견책 2명, 주의 3명, 퇴직자 위법부당사항(주의상당) 통보 2명",201800500_01_KB증권_제재내용 공개안_F.pdf,https://www.fss.or.kr/fss.hpdownload?path=/dtm/opn/&file=201800500_01_KB%EC%A6%9D%EA%B6%8C_%EC%A0%9C%EC%9E%AC%EB%82%B4%EC%9A%A9+%EA%B3%B5%EA%B0%9C%EC%95%88_F.pdf
201800496,1,미래에셋생명보험주식회사,20190308,IT·핀테크전략국,과태료 30백만원,"주의 1명, 퇴직자 위법사실 통지 1명",자율처리 필요사항 통보,201800496_01_20180308_미래에셋생명보험_제재내용 공시.hwp,https://www.fss.or.kr/fss.hpdownload?path=/dtm/opn/&file=201800496_01_20180308_%EB%AF%B8%EB%9E%98%EC%97%90%EC%85%8B%EC%83%9D%EB%AA%85%EB%B3%B4%ED%97%98_%EC%A0%9C%EC%9E%AC%EB%82%B4%EC%9A%A9+%EA%B3%B5%EC%8B%9C.hwp
201800300,1,㈜모아정보기술,20181212,IT·핀테크전략국,"과징금(1,500만원)","주의적경고 1명, 주의 1명",첨부파일,201800300_01_모아정보기술_제재내용 공개안_FN.pdf,https://www.fss.or.kr/fss.hpdownload?path=/dtm/opn/&file=201800300_01_%EB%AA%A8%EC%95%84%EC%A0%95%EB%B3%B4%EA%B8%B0%EC%88%A0_%EC%A0%9C%EC%9E%AC%EB%82%B4%EC%9A%A9+%EA%B3%B5%EA%B0%9C%EC%95%88_FN.pdf
201800102,1,상호저축은행중앙회,20181212,IT·핀테크전략국,"문책사항 1건, 과태료(3,000만원), 기관주의",직원 제재대상,"견책 1명, 주의 1명, 퇴직자 위법사실 통지(주의수준) 1명",201800102_01_제재내용_공개안_상호저축은행중앙회.pdf,https://www.fss.or.kr/fss.hpdownload?path=/dtm/opn/&file=201800102_01_%EC%A0%9C%EC%9E%AC%EB%82%B4%EC%9A%A9_%EA%B3%B5%EA%B0%9C%EC%95%88_%EC%83%81%ED%98%B8%EC%A0%80%EC%B6%95%EC%9D%80%ED%96%89%EC%A4%91%EC%95%99%ED%9A%8C.pdf
201800178,1,㈜카카오,20181128,IT·핀테크전략국,"문책사항 1건, 과태료(3,000만원)",퇴직자 위법사실 통지(주의수준) 1명,주의 1명,201800178_01_제재내용_공개안_카카오.pdf,https://www.fss.or.kr/fss.hpdownload?path=/dtm/opn/&file=201800178_01_%EC%A0%9C%EC%9E%AC%EB%82%B4%EC%9A%A9_%EA%B3%B5%EA%B0%9C%EC%95%88_%EC%B9%B4%EC%B9%B4%EC%98%A4.pdf
201800306,1,삼성생명보험주식회사,20181127,IT·핀테크전략국,과태료 (30백만원) 부과,주의 1명,자율처리필요사항,201800306_01_181207_삼성생명 제재내용 공시.hwp,https://www.fss.or.kr/fss.hpdownload?path=/dtm/opn/&file=201800306_01_181207_%EC%82%BC%EC%84%B1%EC%83%9D%EB%AA%85+%EC%A0%9C%EC%9E%AC%EB%82%B4%EC%9A%A9+%EA%B3%B5%EC%8B%9C.hwp
201710500,1,보험개발원,20180918,IT·핀테크전략국,"문책 및 자율처리필요사항 1건, 과태료 3,000만원","주의 1명, 퇴직자위법사실통보(주의수준) 1명",자율처리필요사항 통보,201710500_01_보험개발원 문책 등 공개_F.hwp,https://www.fss.or.kr/fss.hpdownload?path=/dtm/opn/&file=201710500_01_%EB%B3%B4%ED%97%98%EA%B0%9C%EB%B0%9C%EC%9B%90+%EB%AC%B8%EC%B1%85+%EB%93%B1+%EA%B3%B5%EA%B0%9C_F.hwp
201706340,1,광주은행,20180918,IT·핀테크전략국,"문책 및 자율처리필요사항 1건, 기관주의, 과태료 2,800만원",직원 제재대상,첨부파일,201706340_01_광주은행_제재내용 공개안F.hwp,https://www.fss.or.kr/fss.hpdownload?path=/dtm/opn/&file=201706340_01_%EA%B4%91%EC%A3%BC%EC%9D%80%ED%96%89_%EC%A0%9C%EC%9E%AC%EB%82%B4%EC%9A%A9+%EA%B3%B5%EA%B0%9C%EC%95%88F.hwp
201710580,1,엔에이치엔한국사이버결제㈜,20180614,IT·핀테크전략국,"과태료(3,000만원)",직원 제재대상,주의 1명,201710580_01_엔에이치엔한국사이버결제_제재내용 공개안_F.pdf,https://www.fss.or.kr/fss.hpdownload?path=/dtm/opn/&file=201710580_01_%EC%97%94%EC%97%90%EC%9D%B4%EC%B9%98%EC%97%94%ED%95%9C%EA%B5%AD%EC%82%AC%EC%9D%B4%EB%B2%84%EA%B2%B0%EC%A0%9C_%EC%A0%9C%EC%9E%AC%EB%82%B4%EC%9A%A9+%EA%B3%B5%EA%B0%9C%EC%95%88_F.pdf
201710590,1,㈜다날,20180614,IT·핀테크전략국,"과태료(3,000만원)",직원 제재대상,주의 1명,201710590_01_다날_제재내용 공개안_F.pdf,https://www.fss.or.kr/fss.hpdownload?path=/dtm/opn/&file=201710590_01_%EB%8B%A4%EB%82%A0_%EC%A0%9C%EC%9E%AC%EB%82%B4%EC%9A%A9+%EA%B3%B5%EA%B0%9C%EC%95%88_F.pdf
201703670,1,효성캐피탈주식회사,20180504,IT·핀테크전략국,"기관주의, 과태료 3,000만원",주의 1명,견책 1명,201703670_01_효성캐피탈_제재내용 공개안_F.pdf,https://www.fss.or.kr/fss.hpdownload?path=/dtm/opn/&file=201703670_01_%ED%9A%A8%EC%84%B1%EC%BA%90%ED%94%BC%ED%83%88_%EC%A0%9C%EC%9E%AC%EB%82%B4%EC%9A%A9+%EA%B3%B5%EA%B0%9C%EC%95%88_F.pdf
201705710,1,㈜페이게이트,20180504,IT·핀테크전략국,"기관주의, 과태료 3,000만원","주의 1명, 주의적경고 1명",첨부파일,201705710_01_페이게이트_제재내용 공개안_F.pdf,https://www.fss.or.kr/fss.hpdownload?path=/dtm/opn/&file=201705710_01_%ED%8E%98%EC%9D%B4%EA%B2%8C%EC%9D%B4%ED%8A%B8_%EC%A0%9C%EC%9E%AC%EB%82%B4%EC%9A%A9+%EA%B3%B5%EA%B0%9C%EC%95%88_F.pdf
201707850,1,유진투자선물주식회사,20180329,IT·핀테크전략국,"기관주의, 과태료 4,000만원",주의적경고 1명,감봉 3월 1명,201707850_01_유진투자선물_제재내용 공개.hwp,https://www.fss.or.kr/fss.hpdownload?path=/dtm/opn/&file=201707850_01_%EC%9C%A0%EC%A7%84%ED%88%AC%EC%9E%90%EC%84%A0%EB%AC%BC_%EC%A0%9C%EC%9E%AC%EB%82%B4%EC%9A%A9+%EA%B3%B5%EA%B0%9C.hwp
201703040,1,삼성생명보험주식회사,20180223,IT·핀테크전략국,기관주의,"견책 1명, 주의 1명",첨부파일,201703040_01_180223_삼성생명 제재내용 공시.hwp,https://www.fss.or.kr/fss.hpdownload?path=/dtm/opn/&file=201703040_01_180223_%EC%82%BC%EC%84%B1%EC%83%9D%EB%AA%85+%EC%A0%9C%EC%9E%AC%EB%82%B4%EC%9A%A9+%EA%B3%B5%EC%8B%9C.hwp
201701950,1,(주)청호이지캐쉬,20180122,IT·금융정보보호단,"기관경고, 과태료 5,000만원",주의적경고 1명,퇴직자위법사실 통지 1명(감봉 3월 수준),201701950_01_청호이지캐쉬_제재내용 공개안_FN.pdf,https://www.fss.or.kr/fss.hpdownload?path=/dtm/opn/&file=201701950_01_%EC%B2%AD%ED%98%B8%EC%9D%B4%EC%A7%80%EC%BA%90%EC%89%AC_%EC%A0%9C%EC%9E%AC%EB%82%B4%EC%9A%A9+%EA%B3%B5%EA%B0%9C%EC%95%88_FN.pdf
201703730,1,흥국생명보험주식회사,20180122,IT·핀테크전략국,"문책 및 자율처리필요사항 1건, 과태료 3,000만원","문책 및 자율처리필요사항(주의) 2명,퇴직자위법사실통보(주의수준) 1명",자율처리필요사항 통보,201703730_01_흥국생명 문책 등 공개F.hwp,https://www.fss.or.kr/fss.hpdownload?path=/dtm/opn/&file=201703730_01_%ED%9D%A5%EA%B5%AD%EC%83%9D%EB%AA%85+%EB%AC%B8%EC%B1%85+%EB%93%B1+%EA%B3%B5%EA%B0%9CF.hwp
201706060,1,흥국화재해상보험주식회사,20180122,IT·금융정보보호단,"문책 및 자율처리필요사항 1건, 과태료 3,000만원","문책 및 자율처리필요사항(주의) 1명, 퇴직자위법사실통보(주의수준) 2명",자율처리필요사항 통보,201706060_01_흥국화재 문책 등 공개_F.hwp,https://www.fss.or.kr/fss.hpdownload?path=/dtm/opn/&file=201706060_01_%ED%9D%A5%EA%B5%AD%ED%99%94%EC%9E%AC+%EB%AC%B8%EC%B1%85+%EB%93%B1+%EA%B3%B5%EA%B0%9C_F.hwp
201701511,1,현대해상화재보험,20171229,IT·금융정보보호단,"문책 및 자율처리필요사항 2건, 과태료 5,750만원",퇴직자위법사실 통보(주의수준) 1명,자율처리필요사항 통보,201701511_01_현대해상 제재내용 공개_F.hwp,https://www.fss.or.kr/fss.hpdownload?path=/dtm/opn/&file=201701511_01_%ED%98%84%EB%8C%80%ED%95%B4%EC%83%81+%EC%A0%9C%EC%9E%AC%EB%82%B4%EC%9A%A9+%EA%B3%B5%EA%B0%9C_F.hwp
201608810,1,㈜페이게이트,20171228,IT·금융정보보호단,"과태료(2,700만원)",주의 1명,첨부파일,201608810_01_제재내용_공개안_페이게이트.pdf,https://www.fss.or.kr/fss.hpdownload?path=/dtm/opn/&file=201608810_01_%EC%A0%9C%EC%9E%AC%EB%82%B4%EC%9A%A9_%EA%B3%B5%EA%B0%9C%EC%95%88_%ED%8E%98%EC%9D%B4%EA%B2%8C%EC%9D%B4%ED%8A%B8.pdf
201703460,1,한국씨티은행,20171219,IT·금융정보보호단,"과태료 4,000만원",직원 제재대상,"퇴직자위법사실통지 1명(주의상당), 자율처리필요사항 통보",201703460_01_씨티은행_제재내용 공개안.pdf,https://www.fss.or.kr/fss.hpdownload?path=/dtm/opn/&file=201703460_01_%EC%94%A8%ED%8B%B0%EC%9D%80%ED%96%89_%EC%A0%9C%EC%9E%AC%EB%82%B4%EC%9A%A9+%EA%B3%B5%EA%B0%9C%EC%95%88.pdf
201700820,1,미래에셋대우주식회사,20170904,IT·금융정보보호단,"과태료 5,000만원",주의 2명,자율처리 필요사항 2건,201700820_01_미래에셋대우 제재내용 공개.pdf,https://www.fss.or.kr/fss.hpdownload?path=/dtm/opn/&file=201700820_01_%EB%AF%B8%EB%9E%98%EC%97%90%EC%85%8B%EB%8C%80%EC%9A%B0+%EC%A0%9C%EC%9E%AC%EB%82%B4%EC%9A%A9+%EA%B3%B5%EA%B0%9C.pdf
201703190,1,동부생명보험,20170808,IT·금융정보보호단,"과태료 2,500만원",직원 제재대상,주의 1명,201703190_01_동부생명 제재내용 공개.hwp,https://www.fss.or.kr/fss.hpdownload?path=/dtm/opn/&file=201703190_01_%EB%8F%99%EB%B6%80%EC%83%9D%EB%AA%85+%EC%A0%9C%EC%9E%AC%EB%82%B4%EC%9A%A9+%EA%B3%B5%EA%B0%9C.hwp
201703150,1,아주캐피탈주식회사,20170808,IT·금융정보보호단,"과태료(3,750만원)",직원 제재대상,주의 1명,201703150_01_제재내용_공개안_아주캐피탈_F.pdf,https://www.fss.or.kr/fss.hpdownload?path=/dtm/opn/&file=201703150_01_%EC%A0%9C%EC%9E%AC%EB%82%B4%EC%9A%A9_%EA%B3%B5%EA%B0%9C%EC%95%88_%EC%95%84%EC%A3%BC%EC%BA%90%ED%94%BC%ED%83%88_F.pdf
201703170,1,오케이저축은행,20170808,IT·금융정보보호단,"과태료(3,750만원)",직원 제재대상,주의 1명,201703170_01_제재내용_공개안_오케이저축은행_F.pdf,https://www.fss.or.kr/fss.hpdownload?path=/dtm/opn/&file=201703170_01_%EC%A0%9C%EC%9E%AC%EB%82%B4%EC%9A%A9_%EA%B3%B5%EA%B0%9C%EC%95%88_%EC%98%A4%EC%BC%80%EC%9D%B4%EC%A0%80%EC%B6%95%EC%9D%80%ED%96%89_F.pdf
201703140,1,엠지손해보험주식회사,20170808,IT·금융정보보호단,"과태료 4,120만원",직원 제재대상,퇴직자위법사실통지 1건(주의수준),201703140_01_엠지손해보험 제재내용 공개.hwp,https://www.fss.or.kr/fss.hpdownload?path=/dtm/opn/&file=201703140_01_%EC%97%A0%EC%A7%80%EC%86%90%ED%95%B4%EB%B3%B4%ED%97%98+%EC%A0%9C%EC%9E%AC%EB%82%B4%EC%9A%A9+%EA%B3%B5%EA%B0%9C.hwp
201700640,1,SK증권주식회사,20170808,IT·금융정보보호단,"과태료 2,750만원",주의 1명,자율처리 필요사항 1건,201700640_01_SK증권 제재내용 공개.hwp,https://www.fss.or.kr/fss.hpdownload?path=/dtm/opn/&file=201700640_01_SK%EC%A6%9D%EA%B6%8C+%EC%A0%9C%EC%9E%AC%EB%82%B4%EC%9A%A9+%EA%B3%B5%EA%B0%9C.hwp
201703180,1,리딩투자증권주식회사,20170808,IT·금융정보보호단,"과태료 2,500만원",주의 1명,첨부파일,201703180_01_리딩투자증권_제재내용 공개.hwp,https://www.fss.or.kr/fss.hpdownload?path=/dtm/opn/&file=201703180_01_%EB%A6%AC%EB%94%A9%ED%88%AC%EC%9E%90%EC%A6%9D%EA%B6%8C_%EC%A0%9C%EC%9E%AC%EB%82%B4%EC%9A%A9+%EA%B3%B5%EA%B0%9C.hwp
201703750,1,신한은행,20170808,IT·금융정보보호단,"과태료 4,120만원",직원 제재대상,"퇴직자위법사실통지 1명, 주의 1명",201703750_01_20170817_신한은행_제재내용.pdf,https://www.fss.or.kr/fss.hpdownload?path=/dtm/opn/&file=201703750_01_20170817_%EC%8B%A0%ED%95%9C%EC%9D%80%ED%96%89_%EC%A0%9C%EC%9E%AC%EB%82%B4%EC%9A%A9.pdf
201703160,1,메르세데스벤츠파이낸셜서비스코리아,20170808,IT·금융정보보호단,"과태료(3,750만원)",직원 제재대상,"주의 1명, 퇴작자위법사실 통지 1명",201703160_01_제재내용_공개안_메르세데스벤츠파이낸셜서비스코리아_F.pdf,https://www.fss.or.kr/fss.hpdownload?path=/dtm/opn/&file=201703160_01_%EC%A0%9C%EC%9E%AC%EB%82%B4%EC%9A%A9_%EA%B3%B5%EA%B0%9C%EC%95%88_%EB%A9%94%EB%A5%B4%EC%84%B8%EB%8D%B0%EC%8A%A4%EB%B2%A4%EC%B8%A0%ED%8C%8C%EC%9D%B4%EB%82%B8%EC%85%9C%EC%84%9C%EB%B9%84%EC%8A%A4%EC%BD%94%EB%A6%AC%EC%95%84_F.pdf
201608340,1,㈜신세계페이먼츠,20170710,IT·금융정보보호단,"과태료(2,500 만원)",직원 제재대상,퇴직자위법사실통지 2명,201608340_01_제재내용_공개안_신세계페이먼츠.pdf,https://www.fss.or.kr/fss.hpdownload?path=/dtm/opn/&file=201608340_01_%EC%A0%9C%EC%9E%AC%EB%82%B4%EC%9A%A9_%EA%B3%B5%EA%B0%9C%EC%95%88_%EC%8B%A0%EC%84%B8%EA%B3%84%ED%8E%98%EC%9D%B4%EB%A8%BC%EC%B8%A0.pdf
201606740,1,㈜옐로페이,20170124,IT검사실,임원 제재대상,"주의 1명, 퇴직자 위법사실 통지 1명",첨부파일,201606740_01_제재내용_공개안_옐로페이.pdf,https://www.fss.or.kr/fss.hpdownload?path=/dtm/opn/&file=201606740_01_%EC%A0%9C%EC%9E%AC%EB%82%B4%EC%9A%A9_%EA%B3%B5%EA%B0%9C%EC%95%88_%EC%98%90%EB%A1%9C%ED%8E%98%EC%9D%B4.pdf
201500900,1,케이비신용정보 주식회사,20161220,IT·금융정보보호단,기관주의,직원 제재대상,"정직 1명, 감봉 1명, 위임직채권추심인 과태료부과 1명",201500900_01_KB신용정보 제재내용 공개안(문책).hwp,https://www.fss.or.kr/fss.hpdownload?path=/dtm/opn/&file=201500900_01_KB%EC%8B%A0%EC%9A%A9%EC%A0%95%EB%B3%B4+%EC%A0%9C%EC%9E%AC%EB%82%B4%EC%9A%A9+%EA%B3%B5%EA%B0%9C%EC%95%88%28%EB%AC%B8%EC%B1%85%29.hwp
201602320,1,우리신용정보 주식회사,20161220,IT·금융정보보호단,과태료 1120만원 부과,직원 제재대상,위임직채권추심인 과태료부과 1명,201602320_01_우리신용정보 제재내용 공개안(문책).hwp,https://www.fss.or.kr/fss.hpdownload?path=/dtm/opn/&file=201602320_01_%EC%9A%B0%EB%A6%AC%EC%8B%A0%EC%9A%A9%EC%A0%95%EB%B3%B4+%EC%A0%9C%EC%9E%AC%EB%82%B4%EC%9A%A9+%EA%B3%B5%EA%B0%9C%EC%95%88%28%EB%AC%B8%EC%B1%85%29.hwp
201600066,1,KB국민카드,20161130,IT검사실,"과태료(2,500만원)",직원 제재대상,주의 1명,201600066_01_제재내용_공개안_KB국민카드_FN.hwp,https://www.fss.or.kr/fss.hpdownload?path=/dtm/opn/&file=201600066_01_%EC%A0%9C%EC%9E%AC%EB%82%B4%EC%9A%A9_%EA%B3%B5%EA%B0%9C%EC%95%88_KB%EA%B5%AD%EB%AF%BC%EC%B9%B4%EB%93%9C_FN.hwp
201600065,1,우리카드,20161130,IT검사실,"과태료(2,500만원)",직원 제재대상,주의 1명,201600065_01_제재내용_공개안_우리카드_FN.hwp,https://www.fss.or.kr/fss.hpdownload?path=/dtm/opn/&file=201600065_01_%EC%A0%9C%EC%9E%AC%EB%82%B4%EC%9A%A9_%EA%B3%B5%EA%B0%9C%EC%95%88_%EC%9A%B0%EB%A6%AC%EC%B9%B4%EB%93%9C_FN.hwp
201600320,1,한국예탁결제원,20161130,IT검사실,"과태료(3,250만원)",직원 제재대상,자율처리 필요사항 통보,201600320_01_161130_한국예탁결제원 제재내용공개.hwp,https://www.fss.or.kr/fss.hpdownload?path=/dtm/opn/&file=201600320_01_161130_%ED%95%9C%EA%B5%AD%EC%98%88%ED%83%81%EA%B2%B0%EC%A0%9C%EC%9B%90+%EC%A0%9C%EC%9E%AC%EB%82%B4%EC%9A%A9%EA%B3%B5%EA%B0%9C.hwp
201500550,1,하나금융투자주식회사,20160902,IT검사실,기관주의 및 과태료(1억원) 부과,직원 제재대상,"감봉 1명, 견책 2명, 주의 1명",201500550_01_160902 하나금융투자 제재내용공개_f.hwp,https://www.fss.or.kr/fss.hpdownload?path=/dtm/opn/&file=201500550_01_160902+%ED%95%98%EB%82%98%EA%B8%88%EC%9C%B5%ED%88%AC%EC%9E%90+%EC%A0%9C%EC%9E%AC%EB%82%B4%EC%9A%A9%EA%B3%B5%EA%B0%9C_f.hwp
201500727,1,(주)하나아이앤에스,20160902,IT검사실,기관주의 및 과태료(5천만원) 부과,직원 제재대상,퇴직자 위법사실 통지 3명,201500727_01_160902 하나아이앤에스 제재내용공개_f.hwp,https://www.fss.or.kr/fss.hpdownload?path=/dtm/opn/&file=201500727_01_160902+%ED%95%98%EB%82%98%EC%95%84%EC%9D%B4%EC%95%A4%EC%97%90%EC%8A%A4+%EC%A0%9C%EC%9E%AC%EB%82%B4%EC%9A%A9%EA%B3%B5%EA%B0%9C_f.hwp
201500706,1,하나카드 주식회사,20160823,IT검사실,"기관주의, 과태료(5,000만원)",퇴직자 위법사실 1명,"감봉 1명, 자율처리 필요사항 4건(문책사항 3건 포함)",201500706_01_제재 공개안_하나카드_FN.hwp,https://www.fss.or.kr/fss.hpdownload?path=/dtm/opn/&file=201500706_01_%EC%A0%9C%EC%9E%AC+%EA%B3%B5%EA%B0%9C%EC%95%88_%ED%95%98%EB%82%98%EC%B9%B4%EB%93%9C_FN.hwp
201500758,1,미래신용정보 주식회사,20160711,IT·금융정보보호단,"과태료 1,270만원 부과",직원 제재대상,"견책 1명, 주의 6명, 위임직채권추심인 3명 과태료 부과(1명 110만원, 2명 각 70만원)",201500758_01_미래신용정보 제재내용 공개안(문책).hwp,https://www.fss.or.kr/fss.hpdownload?path=/dtm/opn/&file=201500758_01_%EB%AF%B8%EB%9E%98%EC%8B%A0%EC%9A%A9%EC%A0%95%EB%B3%B4+%EC%A0%9C%EC%9E%AC%EB%82%B4%EC%9A%A9+%EA%B3%B5%EA%B0%9C%EC%95%88%28%EB%AC%B8%EC%B1%85%29.hwp
201600061,1,에이앤디신용정보 주식회사,20160627,IT·금융정보보호단,개선 2건,직원 제재대상,첨부파일,201600061_01_에이앤디신용정보 제재내용 홈페이지 공개안(개선).hwp,https://www.fss.or.kr/fss.hpdownload?path=/dtm/opn/&file=201600061_01_%EC%97%90%EC%9D%B4%EC%95%A4%EB%94%94%EC%8B%A0%EC%9A%A9%EC%A0%95%EB%B3%B4+%EC%A0%9C%EC%9E%AC%EB%82%B4%EC%9A%A9+%ED%99%88%ED%8E%98%EC%9D%B4%EC%A7%80+%EA%B3%B5%EA%B0%9C%EC%95%88%28%EA%B0%9C%EC%84%A0%29.hwp
201300374,2,고려신용정보 주식회사,20160622,IT·금융정보보호단,임원 제재대상,직원 제재대상,과태료 각 70만원 부과 : 위임직채권추심인 5명,201300374_02_고려신용정보 제재내용 홈페이지 공개안.hwp,https://www.fss.or.kr/fss.hpdownload?path=/dtm/opn/&file=201300374_02_%EA%B3%A0%EB%A0%A4%EC%8B%A0%EC%9A%A9%EC%A0%95%EB%B3%B4+%EC%A0%9C%EC%9E%AC%EB%82%B4%EC%9A%A9+%ED%99%88%ED%8E%98%EC%9D%B4%EC%A7%80+%EA%B3%B5%EA%B0%9C%EC%95%88.hwp
201300704,2,세일신용정보 주식회사,20160622,IT·금융정보보호단,과태료 150만원 부과,직원 제재대상,첨부파일,201300704_02_201300704_02_세일신용정보 제재내용 홈페이지 공개안.hwp,https://www.fss.or.kr/fss.hpdownload?path=/dtm/opn/&file=201300704_02_201300704_02_%EC%84%B8%EC%9D%BC%EC%8B%A0%EC%9A%A9%EC%A0%95%EB%B3%B4+%EC%A0%9C%EC%9E%AC%EB%82%B4%EC%9A%A9+%ED%99%88%ED%8E%98%EC%9D%B4%EC%A7%80+%EA%B3%B5%EA%B0%9C%EC%95%88.hwp
201300867,2,SM신용정보 주식회사,20160622,IT·금융정보보호단,임원 제재대상,직원 제재대상,과태료 각 70만원 부과 : 위임직채권추심인 7명,201300867_02_SM신용정보 제재내용 홈페이지 공개안.hwp,https://www.fss.or.kr/fss.hpdownload?path=/dtm/opn/&file=201300867_02_SM%EC%8B%A0%EC%9A%A9%EC%A0%95%EB%B3%B4+%EC%A0%9C%EC%9E%AC%EB%82%B4%EC%9A%A9+%ED%99%88%ED%8E%98%EC%9D%B4%EC%A7%80+%EA%B3%B5%EA%B0%9C%EC%95%88.hwp
201300140,2,새한신용정보 주식회사,20160622,IT·금융정보보호단,임원 제재대상,직원 제재대상,과태료 각 70만원 부과 : 채권추심인 2명,201300140_02_새한신용정보 제재내용 홈페이지 공개안.hwp,https://www.fss.or.kr/fss.hpdownload?path=/dtm/opn/&file=201300140_02_%EC%83%88%ED%95%9C%EC%8B%A0%EC%9A%A9%EC%A0%95%EB%B3%B4+%EC%A0%9C%EC%9E%AC%EB%82%B4%EC%9A%A9+%ED%99%88%ED%8E%98%EC%9D%B4%EC%A7%80+%EA%B3%B5%EA%B0%9C%EC%95%88.hwp
201500751,1,부산하나로카드㈜,20160610,IT검사실,과태료(25백만원),주의 1명,첨부파일,201500751_01_부산하나로카드_제재내용_공시_FN.hwp,https://www.fss.or.kr/fss.hpdownload?path=/dtm/opn/&file=201500751_01_%EB%B6%80%EC%82%B0%ED%95%98%EB%82%98%EB%A1%9C%EC%B9%B4%EB%93%9C_%EC%A0%9C%EC%9E%AC%EB%82%B4%EC%9A%A9_%EA%B3%B5%EC%8B%9C_FN.hwp
201500752,1,(주)이비카드,20160610,IT검사실,과태료(25백만원),주의 1명,주의 2명,201500752_01_이비카드_제재내용_공시_FN.hwp,https://www.fss.or.kr/fss.hpdownload?path=/dtm/opn/&file=201500752_01_%EC%9D%B4%EB%B9%84%EC%B9%B4%EB%93%9C_%EC%A0%9C%EC%9E%AC%EB%82%B4%EC%9A%A9_%EA%B3%B5%EC%8B%9C_FN.hwp
201600026,1,고려신용정보 주식회사,20160608,IT·금융정보보호단,임원 제재대상,직원 제재대상,위임직채권추심인(4명) 과태료 부과,201600026_01_고려신용정보 제재내용 홈페이지 공개안(문책).hwp,https://www.fss.or.kr/fss.hpdownload?path=/dtm/opn/&file=201600026_01_%EA%B3%A0%EB%A0%A4%EC%8B%A0%EC%9A%A9%EC%A0%95%EB%B3%B4+%EC%A0%9C%EC%9E%AC%EB%82%B4%EC%9A%A9+%ED%99%88%ED%8E%98%EC%9D%B4%EC%A7%80+%EA%B3%B5%EA%B0%9C%EC%95%88%28%EB%AC%B8%EC%B1%85%29.hwp
201500511,1,㈜마이비,20160504,IT검사실,"경영유의 2건, 개선 1건",-,주의 1건,201500511_마이비_제재내용_공시.pdf,https://www.fss.or.kr/fss.hpdownload?path=/dtm/opn/&file=201500511_%EB%A7%88%EC%9D%B4%EB%B9%84_%EC%A0%9C%EC%9E%AC%EB%82%B4%EC%9A%A9_%EA%B3%B5%EC%8B%9C.pdf
201500509,1,에스케이플래닛(주),20160504,IT검사실,경영유의 4건,-,주의 2건,201500509_에스케이플래닛_제재내용_공시.pdf,https://www.fss.or.kr/fss.hpdownload?path=/dtm/opn/&file=201500509_%EC%97%90%EC%8A%A4%EC%BC%80%EC%9D%B4%ED%94%8C%EB%9E%98%EB%8B%9B_%EC%A0%9C%EC%9E%AC%EB%82%B4%EC%9A%A9_%EA%B3%B5%EC%8B%9C.pdf
201600023,1,라이나생명보험주식회사,20160425,IT검사실,개선 4건,직원 제재대상,첨부파일,201600023_라이나생명 제재내용 공개.hwp,https://www.fss.or.kr/fss.hpdownload?path=/dtm/opn/&file=201600023_%EB%9D%BC%EC%9D%B4%EB%82%98%EC%83%9D%EB%AA%85+%EC%A0%9C%EC%9E%AC%EB%82%B4%EC%9A%A9+%EA%B3%B5%EA%B0%9C.hwp
201600020,1,효성캐피탈주식회사,20160422,IT검사실,개선 5건,직원 제재대상,첨부파일,201600020_효성캐피탈_제재내용_공시.pdf,https://www.fss.or.kr/fss.hpdownload?path=/dtm/opn/&file=201600020_%ED%9A%A8%EC%84%B1%EC%BA%90%ED%94%BC%ED%83%88_%EC%A0%9C%EC%9E%AC%EB%82%B4%EC%9A%A9_%EA%B3%B5%EC%8B%9C.pdf
201500883,1,상호저축은행중앙회,20160421,IT검사실,개선 7건,직원 제재대상,첨부파일,201500883_160425_저축은행중앙회_제재내용_공시_FN.hwp,https://www.fss.or.kr/fss.hpdownload?path=/dtm/opn/&file=201500883_160425_%EC%A0%80%EC%B6%95%EC%9D%80%ED%96%89%EC%A4%91%EC%95%99%ED%9A%8C_%EC%A0%9C%EC%9E%AC%EB%82%B4%EC%9A%A9_%EA%B3%B5%EC%8B%9C_FN.hwp
201600022,1,NH선물주식회사,20160418,IT검사실,"경영유의 2건, 개선사항 4건",직원 제재대상,첨부파일,201600022_20160420_NH선물_제재공시_복.hwp,https://www.fss.or.kr/fss.hpdownload?path=/dtm/opn/&file=201600022_20160420_NH%EC%84%A0%EB%AC%BC_%EC%A0%9C%EC%9E%AC%EA%B3%B5%EC%8B%9C_%EB%B3%B5.hwp
201600024,1,하이투자증권(주),20160418,IT검사실,개선사항 3건,직원 제재대상,첨부파일,201600024_20160420_하이투자증권_제재공시_복호화.hwp,https://www.fss.or.kr/fss.hpdownload?path=/dtm/opn/&file=201600024_20160420_%ED%95%98%EC%9D%B4%ED%88%AC%EC%9E%90%EC%A6%9D%EA%B6%8C_%EC%A0%9C%EC%9E%AC%EA%B3%B5%EC%8B%9C_%EB%B3%B5%ED%98%B8%ED%99%94.hwp
201500850,1,㈜케이에스넷,20160412,IT검사실,개선사항 5건,직원 제재대상,첨부파일,201500850_160412_케이에스넷_제재내용_공시_FN.hwp,https://www.fss.or.kr/fss.hpdownload?path=/dtm/opn/&file=201500850_160412_%EC%BC%80%EC%9D%B4%EC%97%90%EC%8A%A4%EB%84%B7_%EC%A0%9C%EC%9E%AC%EB%82%B4%EC%9A%A9_%EA%B3%B5%EC%8B%9C_FN.hwp
201600021,1,에이스생명보험주식회사,20160408,IT검사실,"개선사항 4건, 경영유의 2건",직원 제재대상,첨부파일,201600021_에이스생명보험_제재내용_공시.hwp,https://www.fss.or.kr/fss.hpdownload?path=/dtm/opn/&file=201600021_%EC%97%90%EC%9D%B4%EC%8A%A4%EC%83%9D%EB%AA%85%EB%B3%B4%ED%97%98_%EC%A0%9C%EC%9E%AC%EB%82%B4%EC%9A%A9_%EA%B3%B5%EC%8B%9C.hwp
201500852,1,㈜비엔케이시스템,20160324,IT검사실,경영유의 1건,직원 제재대상,첨부파일,201500852_20160331_BNK_제재내용_공개.pdf,https://www.fss.or.kr/fss.hpdownload?path=/dtm/opn/&file=201500852_20160331_BNK_%EC%A0%9C%EC%9E%AC%EB%82%B4%EC%9A%A9_%EA%B3%B5%EA%B0%9C.pdf
201500851,1,(주)KB데이타시스템,20160324,IT검사실,"경영유의 1건, 개선 1건",직원 제재대상,첨부파일,201500851_160331_KB데이타시스템_제재내용_공개.pdf,https://www.fss.or.kr/fss.hpdownload?path=/dtm/opn/&file=201500851_160331_KB%EB%8D%B0%EC%9D%B4%ED%83%80%EC%8B%9C%EC%8A%A4%ED%85%9C_%EC%A0%9C%EC%9E%AC%EB%82%B4%EC%9A%A9_%EA%B3%B5%EA%B0%9C.pdf
201500381,1,㈜한국스마트카드,20160303,IT검사실,"개선 1건, 경영유의 2건",직원 제재대상,주의 2명,201500381_160303_한국스마트카드_제재내용_공시_FN.hwp,https://www.fss.or.kr/fss.hpdownload?path=/dtm/opn/&file=201500381_160303_%ED%95%9C%EA%B5%AD%EC%8A%A4%EB%A7%88%ED%8A%B8%EC%B9%B4%EB%93%9C_%EC%A0%9C%EC%9E%AC%EB%82%B4%EC%9A%A9_%EA%B3%B5%EC%8B%9C_FN.hwp
201500729,1,(주)케이알파트너스,20160303,IT검사실,개선 5건,직원 제재대상,첨부파일,201500729_160303_케이알파트너스_제재내용_공시_FN.hwp,https://www.fss.or.kr/fss.hpdownload?path=/dtm/opn/&file=201500729_160303_%EC%BC%80%EC%9D%B4%EC%95%8C%ED%8C%8C%ED%8A%B8%EB%84%88%EC%8A%A4_%EC%A0%9C%EC%9E%AC%EB%82%B4%EC%9A%A9_%EA%B3%B5%EC%8B%9C_FN.hwp
201500728,1,㈜한국사이버결제,20160303,IT검사실,"개선 1건, 경영유의 1건",직원 제재대상,첨부파일,201500728_160303_한국사이버결제_제재내용_공시_FN.hwp,https://www.fss.or.kr/fss.hpdownload?path=/dtm/opn/&file=201500728_160303_%ED%95%9C%EA%B5%AD%EC%82%AC%EC%9D%B4%EB%B2%84%EA%B2%B0%EC%A0%9C_%EC%A0%9C%EC%9E%AC%EB%82%B4%EC%9A%A9_%EA%B3%B5%EC%8B%9C_FN.hwp
201500533,1,전국은행연합회,20160223,IT금융정보보호단,"기관주의, 과태료 6백만원, 개선사항 3건",직원 제재대상,주의 1명,201500533_160223-은행연합회_ 제재내용 공시안.hwp,https://www.fss.or.kr/fss.hpdownload?path=/dtm/opn/&file=201500533_160223-%EC%9D%80%ED%96%89%EC%97%B0%ED%95%A9%ED%9A%8C_+%EC%A0%9C%EC%9E%AC%EB%82%B4%EC%9A%A9+%EA%B3%B5%EC%8B%9C%EC%95%88.hwp
201500793,1,케이티캐피탈,20160205,IT검사실,"경영유의사항 1건, 개선사항 1건",직원 제재대상,첨부파일,201500793_20160211_케이티캐피탈_제재공시_복호화.hwp,https://www.fss.or.kr/fss.hpdownload?path=/dtm/opn/&file=201500793_20160211_%EC%BC%80%EC%9D%B4%ED%8B%B0%EC%BA%90%ED%94%BC%ED%83%88_%EC%A0%9C%EC%9E%AC%EA%B3%B5%EC%8B%9C_%EB%B3%B5%ED%98%B8%ED%99%94.hwp
201500642,1,신한신용정보 주식회사,20160204,IT·금융정보보호단,"기관주의, 과태료 3,525만원, 개선 4건",해당사항 없음,자율처리 필요사항으로 통보,201500642_제재내용 홈페이지 공개안.hwp,https://www.fss.or.kr/fss.hpdownload?path=/dtm/opn/&file=201500642_%EC%A0%9C%EC%9E%AC%EB%82%B4%EC%9A%A9+%ED%99%88%ED%8E%98%EC%9D%B4%EC%A7%80+%EA%B3%B5%EA%B0%9C%EC%95%88.hwp
201500802,1,나라신용정보 주식회사,20160129,IT금융정보보호단,개선 3건,해당사항 없음,해당사항 없음,201500802_제재내용 홈페이지 공개안.hwp,https://www.fss.or.kr/fss.hpdownload?path=/dtm/opn/&file=201500802_%EC%A0%9C%EC%9E%AC%EB%82%B4%EC%9A%A9+%ED%99%88%ED%8E%98%EC%9D%B4%EC%A7%80+%EA%B3%B5%EA%B0%9C%EC%95%88.hwp
201500590,1,삼성선물주식회사,20160126,IT검사실,개선사항 4건,직원 제재대상,첨부파일,201500590_삼성선물_제재공시.hwp,https://www.fss.or.kr/fss.hpdownload?path=/dtm/opn/&file=201500590_%EC%82%BC%EC%84%B1%EC%84%A0%EB%AC%BC_%EC%A0%9C%EC%9E%AC%EA%B3%B5%EC%8B%9C.hwp
201500589,1,HMC투자증권,20160126,IT검사실,"경영유의사항 3건, 개선사항 4건",직원 제재대상,첨부파일,201500589_HMC투자증권_제재공시.hwp,https://www.fss.or.kr/fss.hpdownload?path=/dtm/opn/&file=201500589_HMC%ED%88%AC%EC%9E%90%EC%A6%9D%EA%B6%8C_%EC%A0%9C%EC%9E%AC%EA%B3%B5%EC%8B%9C.hwp
201500849,1,나이스정보통신㈜,20160126,IT검사실,"개선 2건, 경영유의 1건",직원 제재대상,첨부파일,201500849_150126_나이스정보통신_제재내용_공시_FN.hwp,https://www.fss.or.kr/fss.hpdownload?path=/dtm/opn/&file=201500849_150126_%EB%82%98%EC%9D%B4%EC%8A%A4%EC%A0%95%EB%B3%B4%ED%86%B5%EC%8B%A0_%EC%A0%9C%EC%9E%AC%EB%82%B4%EC%9A%A9_%EA%B3%B5%EC%8B%9C_FN.hwp
201500791,1,악사손해보험주식회사,20160115,IT검사실,개선사항 4건,직원 제재대상,첨부파일,201500791_악사손해보험 제재내용 공개.hwp,https://www.fss.or.kr/fss.hpdownload?path=/dtm/opn/&file=201500791_%EC%95%85%EC%82%AC%EC%86%90%ED%95%B4%EB%B3%B4%ED%97%98+%EC%A0%9C%EC%9E%AC%EB%82%B4%EC%9A%A9+%EA%B3%B5%EA%B0%9C.hwp
201500794,1,전북은행,20160115,IT검사실,개선 1건,직원 제재대상,첨부파일,201500794_전북은행_제재내용_공개.pdf,https://www.fss.or.kr/fss.hpdownload?path=/dtm/opn/&file=201500794_%EC%A0%84%EB%B6%81%EC%9D%80%ED%96%89_%EC%A0%9C%EC%9E%AC%EB%82%B4%EC%9A%A9_%EA%B3%B5%EA%B0%9C.pdf
201500366,1,에스씨아이평가정보 주식회사,20160107,IT금융정보보호단,"기관주의, 과태료 160만원, 개선 3건",해당사항 없음,"주의 12명, 퇴직자 위법사실 통지",201500366_제재내용 홈페이지 공개안.hwp,https://www.fss.or.kr/fss.hpdownload?path=/dtm/opn/&file=201500366_%EC%A0%9C%EC%9E%AC%EB%82%B4%EC%9A%A9+%ED%99%88%ED%8E%98%EC%9D%B4%EC%A7%80+%EA%B3%B5%EA%B0%9C%EC%95%88.hwp
201500790,1,푸르덴셜생명보험주식회사,20151229,IT검사실,개선사항 1건,직원 제재대상,첨부파일,201500790_20151229_푸르덴셜생명보험_제재공시.hwp,https://www.fss.or.kr/fss.hpdownload?path=/dtm/opn/&file=201500790_20151229_%ED%91%B8%EB%A5%B4%EB%8D%B4%EC%85%9C%EC%83%9D%EB%AA%85%EB%B3%B4%ED%97%98_%EC%A0%9C%EC%9E%AC%EA%B3%B5%EC%8B%9C.hwp
201500753,1,미래에셋생명보험주식회사,20151229,IT검사실,개선사항 4건,직원 제재대상,첨부파일,201500753_20151229_미래에셋생명_제재공시.hwp,https://www.fss.or.kr/fss.hpdownload?path=/dtm/opn/&file=201500753_20151229_%EB%AF%B8%EB%9E%98%EC%97%90%EC%85%8B%EC%83%9D%EB%AA%85_%EC%A0%9C%EC%9E%AC%EA%B3%B5%EC%8B%9C.hwp
201500581,1,에이치케이저축은행,20151221,IT검사실,경영유의 1건,직원 제재대상,첨부파일,201500581_HK저축은행_제재공시.pdf,https://www.fss.or.kr/fss.hpdownload?path=/dtm/opn/&file=201500581_HK%EC%A0%80%EC%B6%95%EC%9D%80%ED%96%89_%EC%A0%9C%EC%9E%AC%EA%B3%B5%EC%8B%9C.pdf
201500586,1,IBK투자증권,20151208,IT검사실,"경영유의사항 2건, 개선사항 4건",직원 제재대상,첨부파일,201500586_151209 IBK투자증권 제재공시-F.hwp,https://www.fss.or.kr/fss.hpdownload?path=/dtm/opn/&file=201500586_151209+IBK%ED%88%AC%EC%9E%90%EC%A6%9D%EA%B6%8C+%EC%A0%9C%EC%9E%AC%EA%B3%B5%EC%8B%9C-F.hwp
201500508,1,㈜올앳,20151202,IT검사실,경영유의 1건,직원 제재대상,첨부파일,201500508_올앳_제재공시_fn.pdf,https://www.fss.or.kr/fss.hpdownload?path=/dtm/opn/&file=201500508_%EC%98%AC%EC%95%B3_%EC%A0%9C%EC%9E%AC%EA%B3%B5%EC%8B%9C_fn.pdf
201500380,1,㈜이베이코리아,20151202,IT검사실,개선 3건,직원 제재대상,첨부파일,201500380_20151208 이베이코리아_제재공시.pdf,https://www.fss.or.kr/fss.hpdownload?path=/dtm/opn/&file=201500380_20151208+%EC%9D%B4%EB%B2%A0%EC%9D%B4%EC%BD%94%EB%A6%AC%EC%95%84_%EC%A0%9C%EC%9E%AC%EA%B3%B5%EC%8B%9C.pdf
201500379,1,㈜엘지씨엔에스,20151202,IT검사실,"개선 1건, 경영유의 2건",직원 제재대상,첨부파일,201500379_151202_엘지씨엔에스_제재내용_공시_FN.hwp,https://www.fss.or.kr/fss.hpdownload?path=/dtm/opn/&file=201500379_151202_%EC%97%98%EC%A7%80%EC%94%A8%EC%97%94%EC%97%90%EC%8A%A4_%EC%A0%9C%EC%9E%AC%EB%82%B4%EC%9A%A9_%EA%B3%B5%EC%8B%9C_FN.hwp
201500376,1,하이플러스카드㈜,20151202,IT검사실,"경영유의 1건, 개선 1건",직원 제재대상,첨부파일,201500376_하이플러스카드_제재공시_fn.pdf,https://www.fss.or.kr/fss.hpdownload?path=/dtm/opn/&file=201500376_%ED%95%98%EC%9D%B4%ED%94%8C%EB%9F%AC%EC%8A%A4%EC%B9%B4%EB%93%9C_%EC%A0%9C%EC%9E%AC%EA%B3%B5%EC%8B%9C_fn.pdf
201500584,1,아주캐피탈주식회사,20151202,IT검사실,"경영유의 1건, 개선 1건",직원 제재대상,첨부파일,201500584_아주캐피탈_제재공시_fn.pdf,https://www.fss.or.kr/fss.hpdownload?path=/dtm/opn/&file=201500584_%EC%95%84%EC%A3%BC%EC%BA%90%ED%94%BC%ED%83%88_%EC%A0%9C%EC%9E%AC%EA%B3%B5%EC%8B%9C_fn.pdf
201500382,1,네이버 주식회사,20151202,IT검사실,경영유의 1건,직원 제재대상,첨부파일,201500382_20151202 네이버(0720-0724) 검사서_공시.pdf,https://www.fss.or.kr/fss.hpdownload?path=/dtm/opn/&file=201500382_20151202+%EB%84%A4%EC%9D%B4%EB%B2%84%280720-0724%29+%EA%B2%80%EC%82%AC%EC%84%9C_%EA%B3%B5%EC%8B%9C.pdf
201500588,1,에이아이지손해보험주식회사,20151124,IT검사실,개선사항 4건,직원 제재대상,첨부파일,201500588_20151124_AIG손해보험_제재공시F.hwp,https://www.fss.or.kr/fss.hpdownload?path=/dtm/opn/&file=201500588_20151124_AIG%EC%86%90%ED%95%B4%EB%B3%B4%ED%97%98_%EC%A0%9C%EC%9E%AC%EA%B3%B5%EC%8B%9CF.hwp
201500583,1,이베스트투자증권(주),20151118,IT검사실,"경영유의사항 2건, 개선사항 3건",직원 제재대상,첨부파일,201500583_20151119_이베스트투자증권_제재공시_복호화.hwp,https://www.fss.or.kr/fss.hpdownload?path=/dtm/opn/&file=201500583_20151119_%EC%9D%B4%EB%B2%A0%EC%8A%A4%ED%8A%B8%ED%88%AC%EC%9E%90%EC%A6%9D%EA%B6%8C_%EC%A0%9C%EC%9E%AC%EA%B3%B5%EC%8B%9C_%EB%B3%B5%ED%98%B8%ED%99%94.hwp
201500585,1,교보라이프플래닛생명보험주식회사,20151113,IT검사실,개선사항 5건,직원 제재대상,첨부파일,201500585_20151123_교보라이프플래닛_제재공시F.hwp,https://www.fss.or.kr/fss.hpdownload?path=/dtm/opn/&file=201500585_20151123_%EA%B5%90%EB%B3%B4%EB%9D%BC%EC%9D%B4%ED%94%84%ED%94%8C%EB%9E%98%EB%8B%9B_%EC%A0%9C%EC%9E%AC%EA%B3%B5%EC%8B%9CF.hwp
201500582,1,비엔피파리바카디프생명보험주식회사,20151113,IT검사실,개선사항 5건,직원 제재대상,첨부파일,201500582_20151123_카디프_제재공시F.hwp,https://www.fss.or.kr/fss.hpdownload?path=/dtm/opn/&file=201500582_20151123_%EC%B9%B4%EB%94%94%ED%94%84_%EC%A0%9C%EC%9E%AC%EA%B3%B5%EC%8B%9CF.hwp
201500375,1,세틀뱅크㈜,20151102,IT검사실,개선 3건,직원 제재대상,첨부파일,201500375_세틀뱅크_제재내용 공시_게시용_fn.pdf,https://www.fss.or.kr/fss.hpdownload?path=/dtm/opn/&file=201500375_%EC%84%B8%ED%8B%80%EB%B1%85%ED%81%AC_%EC%A0%9C%EC%9E%AC%EB%82%B4%EC%9A%A9+%EA%B3%B5%EC%8B%9C_%EA%B2%8C%EC%8B%9C%EC%9A%A9_fn.pdf
201500377,1,씨제이올리브네트웍스(주),20151102,IT검사실,경영유의 1건,직원 제재대상,첨부파일,201500377_151102_씨제이올리브네트웍스_제재공시_fn.hwp,https://www.fss.or.kr/fss.hpdownload?path=/dtm/opn/&file=201500377_151102_%EC%94%A8%EC%A0%9C%EC%9D%B4%EC%98%AC%EB%A6%AC%EB%B8%8C%EB%84%A4%ED%8A%B8%EC%9B%8D%EC%8A%A4_%EC%A0%9C%EC%9E%AC%EA%B3%B5%EC%8B%9C_fn.hwp
201500378,1,이지스엔터프라이즈㈜,20151102,IT검사실,"경영유의 2건, 개선 2건",직원 제재대상,첨부파일,201500378_이지스엔터프라이즈_제재내용 공시_게시용_fn.pdf,https://www.fss.or.kr/fss.hpdownload?path=/dtm/opn/&file=201500378_%EC%9D%B4%EC%A7%80%EC%8A%A4%EC%97%94%ED%84%B0%ED%94%84%EB%9D%BC%EC%9D%B4%EC%A6%88_%EC%A0%9C%EC%9E%AC%EB%82%B4%EC%9A%A9+%EA%B3%B5%EC%8B%9C_%EA%B2%8C%EC%8B%9C%EC%9A%A9_fn.pdf
201500232,1,푸른상호저축은행,20150925,IT검사실,"경영유의 1건, 개선 4건",직원 제재대상,첨부파일,201500232_20151001 푸른저축은행_제재내용 공시_게시용.pdf,https://www.fss.or.kr/fss.hpdownload?path=/dtm/opn/&file=201500232_20151001+%ED%91%B8%EB%A5%B8%EC%A0%80%EC%B6%95%EC%9D%80%ED%96%89_%EC%A0%9C%EC%9E%AC%EB%82%B4%EC%9A%A9+%EA%B3%B5%EC%8B%9C_%EA%B2%8C%EC%8B%9C%EC%9A%A9.pdf
201500294,1,(주)신한데이타시스템,20150917,IT검사실,경영유의 1건,직원 제재대상,첨부파일,201500294_신한데이타시스템 제재내용공개.pdf,https://www.fss.or.kr/fss.hpdownload?path=/dtm/opn/&file=201500294_%EC%8B%A0%ED%95%9C%EB%8D%B0%EC%9D%B4%ED%83%80%EC%8B%9C%EC%8A%A4%ED%85%9C+%EC%A0%9C%EC%9E%AC%EB%82%B4%EC%9A%A9%EA%B3%B5%EA%B0%9C.pdf
201500227,1,KB캐피탈,20150911,IT검사실,개선 1건,직원 제재대상,첨부파일,201500227_20150916 KB캐피탈_제재내용 공시_게시용.hwp,https://www.fss.or.kr/fss.hpdownload?path=/dtm/opn/&file=201500227_20150916+KB%EC%BA%90%ED%94%BC%ED%83%88_%EC%A0%9C%EC%9E%AC%EB%82%B4%EC%9A%A9+%EA%B3%B5%EC%8B%9C_%EA%B2%8C%EC%8B%9C%EC%9A%A9.hwp
201500225,1,에스비아이저축은행,20150902,IT검사실,"경영유의 2건, 개선 1건",직원 제재대상,첨부파일,201500225_20150908 SBI저축은행 검사서_공시용_복2.pdf,https://www.fss.or.kr/fss.hpdownload?path=/dtm/opn/&file=201500225_20150908+SBI%EC%A0%80%EC%B6%95%EC%9D%80%ED%96%89+%EA%B2%80%EC%82%AC%EC%84%9C_%EA%B3%B5%EC%8B%9C%EC%9A%A9_%EB%B3%B52.pdf
201400656,1,현대증권주식회사,20150727,IT금융정보보호단,개선 7건,직원 제재대상,조치의뢰 2건,201400656_현대증권_제재공시.hwp,https://www.fss.or.kr/fss.hpdownload?path=/dtm/opn/&file=201400656_%ED%98%84%EB%8C%80%EC%A6%9D%EA%B6%8C_%EC%A0%9C%EC%9E%AC%EA%B3%B5%EC%8B%9C.hwp
201401020,1,㈜엘지유플러스,20150727,IT검사실,"경영유의 1건, 개선 1건",직원 제재대상,주의 2건,201401020_20150804 LGU+ 검사서_공시용_복호.pdf,https://www.fss.or.kr/fss.hpdownload?path=/dtm/opn/&file=201401020_20150804+LGU%2B+%EA%B2%80%EC%82%AC%EC%84%9C_%EA%B3%B5%EC%8B%9C%EC%9A%A9_%EB%B3%B5%ED%98%B8.pdf
201500226,1,부국증권주식회사,20150720,IT검사실,경영유의 3건,직원 제재대상,첨부파일,201500226_부국증권_제재공시.hwp,https://www.fss.or.kr/fss.hpdownload?path=/dtm/opn/&file=201500226_%EB%B6%80%EA%B5%AD%EC%A6%9D%EA%B6%8C_%EC%A0%9C%EC%9E%AC%EA%B3%B5%EC%8B%9C.hwp
201500231,1,유진투자증권주식회사,20150720,IT검사실,"개선 1건, 경영유의 3건",직원 제재대상,첨부파일,201500231_유진투자증권_제재공시.hwp,https://www.fss.or.kr/fss.hpdownload?path=/dtm/opn/&file=201500231_%EC%9C%A0%EC%A7%84%ED%88%AC%EC%9E%90%EC%A6%9D%EA%B6%8C_%EC%A0%9C%EC%9E%AC%EA%B3%B5%EC%8B%9C.hwp
201500228,1,키움증권(주),20150720,IT검사실,경영유의 3건,직원 제재대상,첨부파일,201500228_키움증권_제재공시.hwp,https://www.fss.or.kr/fss.hpdownload?path=/dtm/opn/&file=201500228_%ED%82%A4%EC%9B%80%EC%A6%9D%EA%B6%8C_%EC%A0%9C%EC%9E%AC%EA%B3%B5%EC%8B%9C.hwp
201500230,1,메트라이프생명보험(주),20150707,IT검사실,"개선 2건, 경영유의 1건",직원 제재대상,첨부파일,201500230_(메트라이프생명)제재내용 공시_fn.pdf,https://www.fss.or.kr/fss.hpdownload?path=/dtm/opn/&file=201500230_%28%EB%A9%94%ED%8A%B8%EB%9D%BC%EC%9D%B4%ED%94%84%EC%83%9D%EB%AA%85%29%EC%A0%9C%EC%9E%AC%EB%82%B4%EC%9A%A9+%EA%B3%B5%EC%8B%9C_fn.pdf
201500233,1,엠지손해보험주식회사,20150701,IT검사실,"개선 3건, 경영유의 1건",직원 제재대상,첨부파일,201500233_20150701_엠지손해보험_제재내용_공시.hwp,https://www.fss.or.kr/fss.hpdownload?path=/dtm/opn/&file=201500233_20150701_%EC%97%A0%EC%A7%80%EC%86%90%ED%95%B4%EB%B3%B4%ED%97%98_%EC%A0%9C%EC%9E%AC%EB%82%B4%EC%9A%A9_%EA%B3%B5%EC%8B%9C.hwp
201500327,1,씨티크레딧서비스신용정보 주식회사,20150622,IT금융정보보호단,개선 4건,-,-,201500327_씨티크레딧서비스신용정보_공시안.pdf,https://www.fss.or.kr/fss.hpdownload?path=/dtm/opn/&file=201500327_%EC%94%A8%ED%8B%B0%ED%81%AC%EB%A0%88%EB%94%A7%EC%84%9C%EB%B9%84%EC%8A%A4%EC%8B%A0%EC%9A%A9%EC%A0%95%EB%B3%B4_%EA%B3%B5%EC%8B%9C%EC%95%88.pdf
201400632,1,롯데카드(주),20150612,IT검사실,"경영유의 2건, 개선 2건",직원 제재대상,첨부파일,201400632_20150612 롯데카드 검사서_공시용_복호.pdf,https://www.fss.or.kr/fss.hpdownload?path=/dtm/opn/&file=201400632_20150612+%EB%A1%AF%EB%8D%B0%EC%B9%B4%EB%93%9C+%EA%B2%80%EC%82%AC%EC%84%9C_%EA%B3%B5%EC%8B%9C%EC%9A%A9_%EB%B3%B5%ED%98%B8.pdf
201400650,1,중소기업은행,20150605,IT검사실,"경영유의 1건, 개선 3건",직원 제재대상,조치의뢰 2건,201400650_20150605_중소기업은행_제재공시_Fn.hwp,https://www.fss.or.kr/fss.hpdownload?path=/dtm/opn/&file=201400650_20150605_%EC%A4%91%EC%86%8C%EA%B8%B0%EC%97%85%EC%9D%80%ED%96%89_%EC%A0%9C%EC%9E%AC%EA%B3%B5%EC%8B%9C_Fn.hwp
201400651,1,아이비케이저축은행,20150529,IT검사실,"경영유의 1건, 개선 2건",직원 제재대상,조치의뢰 2건,201400651_20150602 IBK저축은행 검사서_공시용_복.pdf,https://www.fss.or.kr/fss.hpdownload?path=/dtm/opn/&file=201400651_20150602+IBK%EC%A0%80%EC%B6%95%EC%9D%80%ED%96%89+%EA%B2%80%EC%82%AC%EC%84%9C_%EA%B3%B5%EC%8B%9C%EC%9A%A9_%EB%B3%B5.pdf
201400653,1,부산은행,20150529,IT검사실,"경영유의 1건, 개선 1건",직원 제재대상,조치의뢰 2건,201400653_20150529_부산은행_제재공시_f.hwp,https://www.fss.or.kr/fss.hpdownload?path=/dtm/opn/&file=201400653_20150529_%EB%B6%80%EC%82%B0%EC%9D%80%ED%96%89_%EC%A0%9C%EC%9E%AC%EA%B3%B5%EC%8B%9C_f.hwp
201400654,1,아이비케이신용정보 주식회사,20150529,IT검사실,개선 5건,직원 제재대상,주의 1명,201400654_20150602 IBK신용정보 검사서_공시용_복.pdf,https://www.fss.or.kr/fss.hpdownload?path=/dtm/opn/&file=201400654_20150602+IBK%EC%8B%A0%EC%9A%A9%EC%A0%95%EB%B3%B4+%EA%B2%80%EC%82%AC%EC%84%9C_%EA%B3%B5%EC%8B%9C%EC%9A%A9_%EB%B3%B5.pdf
201400631,1,신한카드,20150529,IT검사실,경영유의 1건,직원 제재대상,조치의뢰 1건,201400631_20150602 신한카드 검사서_공시용_복.pdf,https://www.fss.or.kr/fss.hpdownload?path=/dtm/opn/&file=201400631_20150602+%EC%8B%A0%ED%95%9C%EC%B9%B4%EB%93%9C+%EA%B2%80%EC%82%AC%EC%84%9C_%EA%B3%B5%EC%8B%9C%EC%9A%A9_%EB%B3%B5.pdf
201400649,1,우리카드,20150529,IT검사실,"기관주의, 개선 3건",주의 1명,견책 1명,201400649_20150602 우리카드 검사서_공시용_복.pdf,https://www.fss.or.kr/fss.hpdownload?path=/dtm/opn/&file=201400649_20150602+%EC%9A%B0%EB%A6%AC%EC%B9%B4%EB%93%9C+%EA%B2%80%EC%82%AC%EC%84%9C_%EA%B3%B5%EC%8B%9C%EC%9A%A9_%EB%B3%B5.pdf
201400652,1,대우증권주식회사,20150529,IT검사실,개선 3건,직원 제재대상,조치의뢰 1건,201400652_대우증권_제재공시.hwp,https://www.fss.or.kr/fss.hpdownload?path=/dtm/opn/&file=201400652_%EB%8C%80%EC%9A%B0%EC%A6%9D%EA%B6%8C_%EC%A0%9C%EC%9E%AC%EA%B3%B5%EC%8B%9C.hwp
201300711,1,㈜케이지이니시스,20150507,IT감독국,기관주의,직원 제재대상,"퇴직자위법사실통지 3명, 주의 2명",201300711_20150515 케이지이니시스_제재내용 공시_게시용 v4.hwp,https://www.fss.or.kr/fss.hpdownload?path=/dtm/opn/&file=201300711_20150515+%EC%BC%80%EC%9D%B4%EC%A7%80%EC%9D%B4%EB%8B%88%EC%8B%9C%EC%8A%A4_%EC%A0%9C%EC%9E%AC%EB%82%B4%EC%9A%A9+%EA%B3%B5%EC%8B%9C_%EA%B2%8C%EC%8B%9C%EC%9A%A9+v4.hwp
201400457,1,삼성카드주식회사,20150420,IT금융정보보호단,"기관주의, 개선 1건",직원 제재대상,"견책 1명, 주의 3명, 조치의뢰 1건",201400457_20150424 삼성카드_제재내용 공시_게시용.hwp,https://www.fss.or.kr/fss.hpdownload?path=/dtm/opn/&file=201400457_20150424+%EC%82%BC%EC%84%B1%EC%B9%B4%EB%93%9C_%EC%A0%9C%EC%9E%AC%EB%82%B4%EC%9A%A9+%EA%B3%B5%EC%8B%9C_%EA%B2%8C%EC%8B%9C%EC%9A%A9.hwp
201500040,1,씨앤에이치리스주식회사,20150410,IT금융정보보호단,"경영유의 1건, 개선 1건",직원 제재대상,첨부파일,201500040_20150123 CNH리스 검사서_공시용.pdf,https://www.fss.or.kr/fss.hpdownload?path=/dtm/opn/&file=201500040_20150123+CNH%EB%A6%AC%EC%8A%A4+%EA%B2%80%EC%82%AC%EC%84%9C_%EA%B3%B5%EC%8B%9C%EC%9A%A9.pdf
201400892,1,MG신용정보 주식회사,20150403,IT감독실,개선 4건,직원 제재대상,"문책 1건(견책 2명, 주의 1명)",201400892_엠지신용정보_공시안.pdf,https://www.fss.or.kr/fss.hpdownload?path=/dtm/opn/&file=201400892_%EC%97%A0%EC%A7%80%EC%8B%A0%EC%9A%A9%EC%A0%95%EB%B3%B4_%EA%B3%B5%EC%8B%9C%EC%95%88.pdf
201400647,1,비씨카드주식회사,20150403,IT금융정보보호단,"경영유의 1건, 개선 2건",직원 제재대상,첨부파일,201400647_20150403 BC카드 제재내용 공시_게시용.pdf,https://www.fss.or.kr/fss.hpdownload?path=/dtm/opn/&file=201400647_20150403+BC%EC%B9%B4%EB%93%9C+%EC%A0%9C%EC%9E%AC%EB%82%B4%EC%9A%A9+%EA%B3%B5%EC%8B%9C_%EA%B2%8C%EC%8B%9C%EC%9A%A9.pdf
201400646,1,농협생명보험주식회사,20150320,IT금융정보보호단,개선 3건,직원 제재대상,조치의뢰 1건,201400646_(농협생명)제재내용 공개(2014년 테마검사)_fn.pdf,https://www.fss.or.kr/fss.hpdownload?path=/dtm/opn/&file=201400646_%28%EB%86%8D%ED%98%91%EC%83%9D%EB%AA%85%29%EC%A0%9C%EC%9E%AC%EB%82%B4%EC%9A%A9+%EA%B3%B5%EA%B0%9C%282014%EB%85%84+%ED%85%8C%EB%A7%88%EA%B2%80%EC%82%AC%29_fn.pdf
201400648,1,농협은행주식회사,20150320,IT금융정보보호단,"경영유의 1건, 개선 1건",직원 제재대상,조치의뢰 2건,201400648_150319-농협은행_제재공시(안)_FN.pdf,https://www.fss.or.kr/fss.hpdownload?path=/dtm/opn/&file=201400648_150319-%EB%86%8D%ED%98%91%EC%9D%80%ED%96%89_%EC%A0%9C%EC%9E%AC%EA%B3%B5%EC%8B%9C%28%EC%95%88%29_FN.pdf
201400655,1,NH투자증권,20150320,IT금융정보보호단,"경영유의 1건, 개선 1건",직원 제재대상,조치의뢰 2건,201400655_구 우리(현 엔에이치)투자증권_제재공시.hwp,https://www.fss.or.kr/fss.hpdownload?path=/dtm/opn/&file=201400655_%EA%B5%AC+%EC%9A%B0%EB%A6%AC%28%ED%98%84+%EC%97%94%EC%97%90%EC%9D%B4%EC%B9%98%29%ED%88%AC%EC%9E%90%EC%A6%9D%EA%B6%8C_%EC%A0%9C%EC%9E%AC%EA%B3%B5%EC%8B%9C.hwp
201401021,1,한국정보통신㈜,20150224,IT금융정보보호단,경영유의 1건,-,주의 1명,201401021_150224_한국정보통신_제재내용_공시_FN.hwp,https://www.fss.or.kr/fss.hpdownload?path=/dtm/opn/&file=201401021_150224_%ED%95%9C%EA%B5%AD%EC%A0%95%EB%B3%B4%ED%86%B5%EC%8B%A0_%EC%A0%9C%EC%9E%AC%EB%82%B4%EC%9A%A9_%EA%B3%B5%EC%8B%9C_FN.hwp
201401096,1,오릭스캐피탈코리아,20150224,IT금융정보보호단,-,-,주의 1명,201401096_150224_오릭스캐피탈코리아_제재내용_공시_FN.hwp,https://www.fss.or.kr/fss.hpdownload?path=/dtm/opn/&file=201401096_150224_%EC%98%A4%EB%A6%AD%EC%8A%A4%EC%BA%90%ED%94%BC%ED%83%88%EC%BD%94%EB%A6%AC%EC%95%84_%EC%A0%9C%EC%9E%AC%EB%82%B4%EC%9A%A9_%EA%B3%B5%EC%8B%9C_FN.hwp
201401022,1,옐로페이,20150224,IT금융정보보호단,개선 3건,-,주의 1명,201401022_150224_옐로페이_제재내용_공시_FN.hwp,https://www.fss.or.kr/fss.hpdownload?path=/dtm/opn/&file=201401022_150224_%EC%98%90%EB%A1%9C%ED%8E%98%EC%9D%B4_%EC%A0%9C%EC%9E%AC%EB%82%B4%EC%9A%A9_%EA%B3%B5%EC%8B%9C_FN.hwp
201400770,1,우리종합금융,20150212,IT금융정보보호단,경영유의 1건,직원 제재대상,첨부파일,201400770_우리종합금융_제재공시.hwp,https://www.fss.or.kr/fss.hpdownload?path=/dtm/opn/&file=201400770_%EC%9A%B0%EB%A6%AC%EC%A2%85%ED%95%A9%EA%B8%88%EC%9C%B5_%EC%A0%9C%EC%9E%AC%EA%B3%B5%EC%8B%9C.hwp
201401023,1,네이버비즈니스플랫폼 주식회사,20150212,IT금융정보보호단,개선 1건,-,-,201401023_네비버비즈니스플랫폼(NBP) 제재내용 공시.hwp,https://www.fss.or.kr/fss.hpdownload?path=/dtm/opn/&file=201401023_%EB%84%A4%EB%B9%84%EB%B2%84%EB%B9%84%EC%A6%88%EB%8B%88%EC%8A%A4%ED%94%8C%EB%9E%AB%ED%8F%BC%28NBP%29+%EC%A0%9C%EC%9E%AC%EB%82%B4%EC%9A%A9+%EA%B3%B5%EC%8B%9C.hwp
201400870,1,중앙신용정보 주식회사,20150109,IT감독실,4,직원 제재대상,첨부파일,201400870_중앙신용정보_공시안.hwp,https://www.fss.or.kr/fss.hpdownload?path=/dtm/opn/&file=201400870_%EC%A4%91%EC%95%99%EC%8B%A0%EC%9A%A9%EC%A0%95%EB%B3%B4_%EA%B3%B5%EC%8B%9C%EC%95%88.hwp
201400890,1,농협자산관리회사,20150109,IT감독실,2,직원 제재대상,첨부파일,201400890_농협자산관리_공시안2.hwp,https://www.fss.or.kr/fss.hpdownload?path=/dtm/opn/&file=201400890_%EB%86%8D%ED%98%91%EC%9E%90%EC%82%B0%EA%B4%80%EB%A6%AC_%EA%B3%B5%EC%8B%9C%EC%95%882.hwp
201400891,1,대구신용정보 주식회사,20150109,IT감독실,2,직원 제재대상,첨부파일,201400891_대구신용정보_공시안2.hwp,https://www.fss.or.kr/fss.hpdownload?path=/dtm/opn/&file=201400891_%EB%8C%80%EA%B5%AC%EC%8B%A0%EC%9A%A9%EC%A0%95%EB%B3%B4_%EA%B3%B5%EC%8B%9C%EC%95%882.hwp
201400430,1,효성에프엠에스㈜,20141230,IT금융정보보호단,경영유의 2건,주의 1건,첨부파일,201400430_효성FMS_제재공시 v2.hwp,https://www.fss.or.kr/fss.hpdownload?path=/dtm/opn/&file=201400430_%ED%9A%A8%EC%84%B1FMS_%EC%A0%9C%EC%9E%AC%EA%B3%B5%EC%8B%9C+v2.hwp
