출처,섹션,단계,항목,순번,조문내용
금융투자협회 IT감사 가이드라인,제1절 IT내부통제 기반사항,,,1,"제1조(목적) 이 가이드라인은 금융회사 및 전자금융업자의 자체적인 IT부문 내부통제 수행에 필요한 기반사항을 제시하여 IT부문 내부통제체계(""이하 IT내부통제체계"") 확립을 통한 전자금융거래의 안전성 및 신뢰성 제고를 목적으로 한다."
금융투자협회 IT감사 가이드라인,제1절 IT내부통제 기반사항,,,2,"제2조(적용대상 및 범위) ① 이 가이드라인은 전자금융거래법 제2조 제3호에 따른 금융회사 및 동법 제2조 제4호에 따른 전자금융업자를 대상으로 한다. ② 금융회사 및 전자금융업자는 원칙적으로 전체 전산시스템 및 전자금융업무에 대하여 내부통제를 수행하되, 자체 IT리스크 평가결과에 따른 우선순위 및 가용한 감사자원 등을 고려하여 적절한 통제주기, 방식 등을 정할 수 있다."
금융투자협회 IT감사 가이드라인,제1절 IT내부통제 기반사항,,,3,"제3조(정의) 이 가이드라인에서 사용하는 용어의 뜻은 다음과 같다. 1. ""IT리스크""란 정보통신기술과 관련한 법규의 위반, ICT 장애 및 기술의 오용, 전산사고 등으로 인한 직접적 손실, 평판 손상, 법적 청구 등 전산시스템 및 전자금융업무 전반에 대한 실제적ㆍ잠재적 위험을 통칭한다. 2. ""IT리스크평가""란 금융회사 및 전자금융업자가 자체적으로 마련한 위험관리 방법론에 기반하여 전사 전산시스템 및 전자금융업무에 대한 위험을 식별ㆍ분석하는 계량화된 방식의 위험평가를 말한다. 3. ""IT자체감사""란 금융회사 및 전자금융업자의 IT조직 내에서 기술적ㆍ실무적 전문성에 기반하여 내부통제의 적정성을 자체적으로 감사하는 업무를 말한다. 4. ""IT감사""란 금융회사 및 전자금융업자의 감사 혹은 감사위원회 산하감사조직이 IT조직 및 업무에 대하여 내부통제 수립ㆍ이행의 적정성을 감사하는 업무를 말한다. 5. ""IT외부감사""란 금융회사 및 전자금융업자로부터 독립된 외부감사인이 IT감사 전문성을 바탕으로 금융회사 및 전자금융업자의 IT부문 내부통제체계 수립ㆍ이행의 적정성을 감사하는 업무를 말한다. 6. ""IT내부통제""란 제2호부터 제5호까지를 포함하여 이 가이드라인에서 정하는 IT내부통제체계에 따른 일련의 활동을 통칭한다."
금융투자협회 IT감사 가이드라인,제1절 IT내부통제 기반사항,,,4,"제4조(IT내부통제체계) ① 금융회사 및 전자금융업자는 제3조 제2호부터 제5호에 따른 역할을 적절하게 분배하여 IT내부통제체계를 수립ㆍ운영하여야 한다. ② 금융회사 및 전자금융업자는 IT리스크평가로 식별된 위험에 대하여 내부통제활동을 수행하여야 한다. ③ 금융회사 및 전자금융업자는 IT내부통제체계 수립시에 각 통제사항에 대한 수행역할 및 책임주체를 명확하게 정의ㆍ지정하여야 한다. ④ 금융회사 및 전자금융업자는 IT내부통제체계 수립ㆍ운용에 관한 사항을 내규에 포함하여 내부통제활동의 근거를 확보하여야 한다. ⑤ 금융회사 및 전자금융업자는 IT내부통제계획 및 수행결과, 거증자료 등을 문서화하여 내부통제활동의 객관성 및 신뢰성을 확보하여야 한다. ⑥ 금융회사 및 전자금융업자는 IT내부통제활동의 수행이력을 주기적으로 평가하여 통제제도의 적정성을 확보하여야 한다."
금융투자협회 IT감사 가이드라인,제1절 IT내부통제 기반사항,,,5,"제5조(IT리스크평가) ① 금융회사 및 전자금융업자는 주기적으로 전사 IT리스크를 자체평가하여 그 결과를 감사 혹은 감사위원회에 보고하여야 한다. ② 금융회사 및 전자금융업자는 전자금융거래의 규모, 전산화 정도 등 내부 IT환경 및 성숙도를 고려하여 자체적인 IT리스크 평가 방법론을 수립ㆍ적용하여야 한다. ③ 금융회사 및 전자금융업자는 평가방법의 신뢰성 및 적합성을 확보하기 위하여 IT리스크평가를 전사적 리스크관리와 연계하여 수행하여야 한다."
금융투자협회 IT감사 가이드라인,제1절 IT내부통제 기반사항,,,6,"제6조(IT자체감사) ① 금융회사 및 전자금융업자는 IT조직 및 환경, 규모 등을 고려하여 최고정보책임자(CIO: Chief Information Officer), 정보보호최고책임자(CISO: Chief Information Security Officer) 등 IT부문 각 조직의 최고책임자 산하에 IT자체감사인을 임명하여 각 조직 소관업무에 대한 IT자체감사를 실시할 수 있다. ② IT자체감사인은 소속된 IT조직 내 내부통제의 적정성에 대한 상시감사 및 특별감사 등을 독립적으로 수행하여 그 결과를 감사명령권자에게 직접 보고하여야 한다. ③ 감사명령권자는 IT자체감사 수행결과에 따라 조치계획을 수립하여 관련 내부통제 현황을 개선하는 등의 필요한 조치를 수행하여야 한다. ④ 금융회사 및 전자금융업자는 IT자체감사를 운영하는 경우, IT자체감사인의 임명, 업무, 권한, 보고, 책임 등에 관한 기준 및 절차를 수립ㆍ운용하여야 한다. ⑤ 금융회사 및 전자금융업자는 IT자체감사인이 직무를 수행함에 있어 필요시 유관조직이 적극적으로 협조할 수 있도록 지원하여야 한다."
금융투자협회 IT감사 가이드라인,제1절 IT내부통제 기반사항,,,7,"제7조(IT감사계획) ① 금융회사 및 전자금융업자는 IT리스크평가를 수행한 결과에 따라 적절한 연간 IT감사계획을 수립ㆍ운용하여 감사 혹은 감사위원회에 보고하여야 한다. ② 연간 IT감사계획은 원칙적으로 해당 금융회사 및 전자금융업자가 당해연도에 수행 예정인 전체 IT감사업무를 포괄하여야 한다. ③ 금융회사 및 전자금융업자는 제2항에도 불구하고 사고발생에 의한 사고감사, 기타 제보 등에 의한 특별감사 등 필요에 의한 개별적 감사업무를 연간 IT감사계획에 추가하여 수행할 수 있다. ④ 금융회사 및 전자금융업자는 예기치 않은 사정으로 연간 IT감사계획을 이행하지 못하는 경우, 감사 혹은 감사위원회에 보고한 후 대체 감사계획을 수립ㆍ이행하여야 한다."
금융투자협회 IT감사 가이드라인,제1절 IT내부통제 기반사항,,,8,"제8조(IT감사 결과보고 및 후속조치) ① 금융회사 및 전자금융업자는 IT감사를 수행한 결과 및 그에 따른 후속조치 계획을 감사 혹은 감사위원회에 보고하여야 한다. ② 금융회사 및 전자금융업자는 IT감사를 수행한 결과 발견된 지적사항에 대하여 유관부서에 공개하고, 조치계획을 수립하는 등 적절한 후속조치를 이행할 수 있도록 후속조치 절차 및 기준을 수립ㆍ운용하여야 한다. ③ 금융회사 및 전자금융업자는 IT감사에 따른 후속조치를 이행하지 않거나 별도 후속조치 없이 지적사항을 수용하는 경우 등에는 이사회 혹은 이사회로부터 적법하게 권한을 위임 받은 감사위원회 등의 의결을 거쳐야 한다."
금융투자협회 IT감사 가이드라인,제1절 IT내부통제 기반사항,,,9,"제9조(IT내부통제인력) ① 금융회사 및 전자금융업자는 전자금융거래 규모 및 전산화 정도, IT리스크 등을 고려하여 적정한 수준의 IT내부통제인력 운영ㆍ관리 기준을 수립ㆍ운용하여야 한다. ② 금융회사 및 전자금융업자는 제1항의 IT내부통제인력 운영ㆍ관리 기준에 따라 제3조 제2호부터 제4호에 따른 기능을 수행하는 IT내부통제인력을 지정하여야 한다. 단, 제3조 제2호부터 제4호의 기능을 별도로 분리하지 않은 경우, 업무분장 등으로 각 기능을 수행하는 주체를 명확히 하여야 한다. ③ 금융회사 및 전자금융업자가 제1항에 의한 IT내부통제인력 운영ㆍ관리기준에 따라 제3조 제2호부터 제4호에 따른 기능을 수행하는 IT내부통제인력을 제3조 제5호의 IT외부감사자에 위탁하여 운용하는 경우, IT외부감사자의 선정ㆍ관리 기준 등을 수립하여 감사기능의 유효성 및 신뢰성을 확보하여야 한다. ④ 금융회사 및 전자금융업자는 IT내부통제인력의 역량 강화를 위한 교육 및 연수계획을 제1항의 IT내부통제인력 운영ㆍ관리기준에 포함하여야 한다."
금융투자협회 IT감사 가이드라인,제1절 IT내부통제 기반사항,,,10,제10조(업무 독립성) ① 금융회사 및 전자금융업자는 제3조제2호부터 제4호의 업무를 수행하는 IT내부통제인력에 대하여 피감업무와의 이해상충을 방지하고 독립적으로 업무를 수행할 수 있도록 직무분리 기준 등을 수립ㆍ운용하여야 한다. ② 금융회사 및 전자금융업자는 제3조제1호부터 제4호의 업무를 수행하는 IT내부통제인력에 대하여 업무 수행을 위한 적절한 권한 및 책임을 부여하여야 한다.
금융투자협회 IT감사 가이드라인,제1절 IT내부통제 기반사항,,,11,"제11조(IT감사업무편람) ① 금융회사 및 전자금융업자는 제3조 제2호부터 제4호의 업무를 수행하는 IT내부통제인력이 활용할 수 있도록 IT감사절차 및 항목, 감사요령 등을 수록한 IT감사업무편람을 마련하여야 한다. ② 금융회사 및 전자금융업자는 제1항의 IT감사업무편람에 대하여 감사이력 및 최신 기술 등을 반영하는 등 주기적으로 검토ㆍ개정관리를 수행하여야 한다."
금융투자협회 IT감사 가이드라인,제2절 IT감사업무 수행단계별 준수사항,Ⅰ. 계획단계(14개 항목),1.1. IT내부통제체계 명확화 및 수행근거 확보,1,"[Ⅰ. 계획단계(14개 항목)] 1.1. IT내부통제체계 명확화 및 수행근거 확보 제2절 IT감사업무 수행단계별 준수사항 □ IT내부통제는 감사조직만의 영역이 아닌 IT현업, 정보보호 등 IT부문 모든 조직이 체계적으로 각자 역할을 분담하여 수행하여야 하며, 내규 등으로 각 통제사항별 수행주체 및 근거 등을 명확히 하여 통제누락을 방지하여야 함 □ 이때, 내규 등에는 일반적으로 다음과 같은 내용이 포함되어야 함 ◦ IT내부통제를 수행하는 조직 및 역할 ◦ IT(자체)감사 대상범위, 감사종류별(정기, 일상, 수시 등) 감사항목, 수행주기 및 절차 등 ◦ IT리스크평가에 관한 사항(수행주체, 방법, 주기 등) ◦ IT(자체)감사계획 수립ㆍ이행에 관한 사항"
금융투자협회 IT감사 가이드라인,제2절 IT감사업무 수행단계별 준수사항,Ⅰ. 계획단계(14개 항목),1.2. IT(자체)감사업무에 필요한 권한 확보,2,"[Ⅰ. 계획단계(14개 항목)] 1.2. IT(자체)감사업무에 필요한 권한 확보 □ IT감사인은 정기 IT감사계획 혹은 수시 IT특별감사계획에 대하여 감사위원 또는 감사위원회의 승인을 득하여야 함 □ IT자체감사인은 CIO, CISO 등 소속 경영진으로부터 IT자체감사계획에 대한 승인을 득하여야 함 □ 감사명령권자는 IT(자체)감사계획을 승인함으로써 IT(자체)감사인에게 다음과 같은 권한을 부여하여야 함 ◦ IT(자체)감사업무에 필요한 자료를 감사대상에 징구할 권한 ◦ 경영진에 대한 공식적인 의견제출 및 시정을 요구할 권한 ◦ 필요시 IT감사 관련 중요사항을 감사명령권자가 아닌 이사회 및 경영진에 직접 보고할 수 있는 권한 ◦ 필요시 IT자체감사 관련 중요사항을 감사명령권자가 아닌 감사 및 감사위원회에 직접 보고할 수 있는 권한"
금융투자협회 IT감사 가이드라인,제2절 IT감사업무 수행단계별 준수사항,Ⅰ. 계획단계(14개 항목),"1.3. IT(자체)감사범위, 특성 등을 고려하여 충분한 감사자원 산정",3,"[Ⅰ. 계획단계(14개 항목)] 1.3. IT(자체)감사범위, 특성 등을 고려하여 충분한 감사자원 산정 □ 감사명령권자는 IT(자체)감사계획에 포함된 정기ㆍ일상ㆍ수시감사의 대상범위 및 실시 횟수가 IT리스크평가결과에 대비하여 적절한 지 검토하여야 함 □ IT(자체)감사의 목표를 명확히 설정하고, 관련한 조직ㆍ인원ㆍ업무ㆍ시스템 등 주요 감사대상이 누락되지 않도록 사전검토를 수행하여야 함 ◦ 지난 감사이력 등을 참고하여 목표에 따른 감사인력 투입공수, 기간 등 필요자원을 적정하게 산정 ◦ 내부자원이 부족할 경우 외부자원 투입을 검토하는 등 감사계획에 따른 충분한 감사자원을 사전에 확보 ◦ 이때, 가용자원 대비 과도한 범위의 감사계획을 수립하여 형식적인 감사에 그치지 않도록 주의"
금융투자협회 IT감사 가이드라인,제2절 IT감사업무 수행단계별 준수사항,Ⅰ. 계획단계(14개 항목),1.4. IT(자체)감사업무에 필요한 직무능력 명확화,4,"[Ⅰ. 계획단계(14개 항목)] 1.4. IT(자체)감사업무에 필요한 직무능력 명확화 □ 감사대상 특성에 따라 시스템 실사 등 IT전문성이 필요한 영역과 계약절차 등 일반 영역으로 구분하여 요구되는 직무능력을 명확히 해야 함 ◦ IT전문영역에 필요한 직무능력은 학력(전공), 경력, 자격증, 직무경험, 교육이력 등 객관적 요건에 따라 평가 ◦ 일반영역에 대해서는 IT전문성을 가진 인력을 반드시 요하지 않음 □ 감사조직은 필요시 내부 감사자원으로 활용할 수 있도록 IT감사업무를 수행할 수 있는 인력을 식별하여 상시적으로 관리 ◦ IT감사 직무능력에 필요한 교육과정을 운영하고, 자격증 취득 우대 등 내부 감사자원을 지속적으로 양성하기 위한 계획을 수립ㆍ운영"
금융투자협회 IT감사 가이드라인,제2절 IT감사업무 수행단계별 준수사항,Ⅰ. 계획단계(14개 항목),1.5. IT(자체)감사업무에 적합한 직무능력을 갖춘 감사인력 할당,5,"[Ⅰ. 계획단계(14개 항목)] 1.5. IT(자체)감사업무에 적합한 직무능력을 갖춘 감사인력 할당 □ IT(자체)감사계획에 따라 감사인력을 할당시 해당 감사업무에 대한 적합성을 사전에 검토해야 함 ◦ 개발, 운영, 보안 등 세분화된 업무영역에 따라 내부통제 적정성을 검토할 수 있는 IT전문성을 가진 감사인을 감사인원에 포함 ◦ 감사인의 전문성이 부족한 것으로 판단되는 경우 감사결과 외부(제3자) 검증 등의 보완방안을 마련하여 감사 신뢰도를 제고"
금융투자협회 IT감사 가이드라인,제2절 IT감사업무 수행단계별 준수사항,Ⅰ. 계획단계(14개 항목),1.6. IT(자체)감사인의 업무 독립성 확보,6,"[Ⅰ. 계획단계(14개 항목)] 1.6. IT(자체)감사인의 업무 독립성 확보 □ IT감사인은 감사업무를 수행함에 있어서 감사 혹은 감사위원회의 직접 지시를 받아야 함 ◦ IT감사인은 감사결과를 감사 혹은 감사위원회 보고하기 전에 경영진 등 이해관계자에게 중간 보고하지 않아야 함 ◦ IT감사인의 감사업무 수행 직전, 직후 IT현업부서에 대한 인사이동을 일정기간 제한하여 이해상충을 방지 ◦ IT감사인이 필요에 따라 이사회 등에 감사 관련 중요사항을 직접 보고할시, 관리자나 상임이사가 참석하는 경우 의결권 제한 등 이해상충 방지를 위한 조치가 필요 □ IT자체감사인은 감사업무를 수행함에 있어서 CIO, CISO 등 감사명령권자의 직접 지시를 받아야 함 ◦ IT자체감사인은 감사결과를 CIO, CISO 등 감사명령권자 보고 전에 피감조직 관리자 등에게 중간 보고하지 않아야 함 ◦ IT자체감사인의 감사업무 수행에 대한 평가는 감사명령권자가 직접 하며, 피감조직 관리자 등이 인사고과에 개입하지 않아야 함 ◦ IT자체감사인도 원칙적으로 피감업무 수행을 제한하여야 하나, IT리스크 평가결과에 따라 확보된 감사자원이 적어 완전한 직무분리가 어려운 경우는 소속조직 외 타 조직(최고책임자 책무 기준) 및 본인 업무에 대한 자체감사를 제한하여 이해상충을 방지"
금융투자협회 IT감사 가이드라인,제2절 IT감사업무 수행단계별 준수사항,Ⅰ. 계획단계(14개 항목),1.7. IT감사업무편람의 마련 및 정기적인 현행화,7,"[Ⅰ. 계획단계(14개 항목)] 1.7. IT감사업무편람의 마련 및 정기적인 현행화 □ 감사조직은 IT감사업무에 관한 지식을 누적관리하여 감사품질을 제고할 수 있도록 IT감사업무편람을 마련하여야 함 ◦ 단순 법규 나열식이 아닌 각 금융회사 내부 IT환경에 적합한 IT감사기법, 감사목적에 따른 주요 점검사항 등 실무적이고 구체적인 내용 위주로 구성 ◦ 최신성 및 준거성 확보를 위하여 최소 연 1회 이상 검토 및 개정 관리를 수행 ◦ IT감사업무편람의 내용이 피감조직에 노출되지 않도록 보안에 유의"
금융투자협회 IT감사 가이드라인,제2절 IT감사업무 수행단계별 준수사항,Ⅰ. 계획단계(14개 항목),1.8. 체계적인 방식의 IT감사계획 수립,8,"[Ⅰ. 계획단계(14개 항목)] 1.8. 체계적인 방식의 IT감사계획 수립 □ IT감사계획 수립시 IT사업계획을 참조하여 감사대상의 근무활동과 신규 IT사업에 따른 리스크 등을 종합적으로 고려하여야 함 ◦ 리스크가 큰 것으로 평가된 신규 사업의 경우 필요시 착수-수행-종료 시점에 맞추어 적합한 감사방식을 채택 ◦ 감사대상의 근무활동이 집중되는 시기에 감사를 수행하여 감사대상의 업무가 지나치게 과중되거나 사업수행 자체에 차질이 생기지 않도록 주의 □ IT감사계획은 반드시 IT리스크평가결과에 기반하여 수립되어야 함 ◦ IT리스크평가는 기존 감사결과 취약영역, 장기간 동안 검사를 실시하지 않은 업무영역, 신사업 영역 등 내부환경과 신기술, 규제 동향 등 외부환경에 대한 업무영향도, 발생가능성 등을 종합적으로 고려하여 자체적인 방식으로 수행 ◦ 최신 IT리스크평가결과에 따라 식별된 고위험 사업 혹은 업무를 우선적으로 감사대상에 고려 ◦ 사후적 지적이 아닌 사전적 위험관리에 중점을 둔 예방감사 관점에서 IT감사계획을 수립하고, IT감사계획 보고시 IT리스크평가결과를 첨부 ◦ IT리스크평가결과에 따라 수립된 IT감사계획을 근거로 필요한 감사자원을 산정"
금융투자협회 IT감사 가이드라인,제2절 IT감사업무 수행단계별 준수사항,Ⅰ. 계획단계(14개 항목),1.9. IT감사 연속성 확보 및 감사대상 편중 방지,9,"[Ⅰ. 계획단계(14개 항목)] 1.9. IT감사 연속성 확보 및 감사대상 편중 방지 □ IT부문의 업무는 한 번 정립된 상태가 고정적으로 유지되는 특성이 있기 때문에 동일한 업무영역에 대해서는 감사이력을 확인하여 감사주기ㆍ방식 등을 조정할 필요가 있음 ◦ 지난 감사활동의 결과 발견된 문제점에 대하여 적정한 후속조치가 이행되었는지 확인하고, 지난 감사활동의 범위, 품질 및 결과가 현재 업무 목표에서도 신뢰할 수 있는지 검토 ◦ 동일한 감사대상에 대하여 기존과 다른 새로운 감사기법을 도입하거나 정기ㆍ수시ㆍ일상감사 등 감사방식을 변경할 필요성에 대하여 검토 ◦ 또한, 그간 리스크가 낮다고 평가하여 상당기간 감사를 수행하지 않은 영역에 대한 감사 필요성을 일정 주기로 검토"
금융투자협회 IT감사 가이드라인,제2절 IT감사업무 수행단계별 준수사항,Ⅰ. 계획단계(14개 항목),"1.10. IT계약, 서비스, 자산 및 사용자 등 현황에 대한 모니터링",10,"[Ⅰ. 계획단계(14개 항목)] 1.10. IT계약, 서비스, 자산 및 사용자 등 현황에 대한 모니터링 □ IT(자체)감사조직은 IT부문 현황에 대한 정보를 상시적으로 관리하여 현황 파악에 따른 공수를 절감하고 누락을 방지하여야 함 ◦ IT부문 현황정보는 IT리스크평가 및 IT감사계획 수립시 대상 서비스, 자산 등의 세부범위를 특정할 때 기초자료로 활용 ◦ 현황정보는 정보기술계획서 등 기존 자료를 통하여 수집하되, 필요한 정보를 규격화하여 피감대상에 정기적으로 자료 제출을 요구하는 방법 등으로 관리 ◦ 일정규모 이상의 IT계약, 시스템 변경 등 주요 현황에 대한 정보는 일상감사 대상으로 지정하여 관리"
금융투자협회 IT감사 가이드라인,제2절 IT감사업무 수행단계별 준수사항,Ⅰ. 계획단계(14개 항목),1.11. IT감사대상과 관련한 제어 환경 및 통제 정책 파악,11,"[Ⅰ. 계획단계(14개 항목)] 1.11. IT감사대상과 관련한 제어 환경 및 통제 정책 파악 □ IT(자체)감사인은 감사계획으로 특정된 감사대상에 대하여 감사 착수 이전에 세부적인 내부절차를 사전에 숙지하여 효율적으로 감사를 수행하여야 함 ◦ IT감사대상 관련 법규 및 이슈사항 ◦ IT감사대상 업무에 관련한 내규, 매뉴얼 및 감사대상 시스템의 세부 운영기준, 통제정책 등"
금융투자협회 IT감사 가이드라인,제2절 IT감사업무 수행단계별 준수사항,Ⅰ. 계획단계(14개 항목),1.12. IT감사대상과 관련한 고유위험 및 제어위험 요소 분석,12,"[Ⅰ. 계획단계(14개 항목)] 1.12. IT감사대상과 관련한 고유위험 및 제어위험 요소 분석 □ IT(자체)감사인은 사전에 파악한 감사대상의 현황정보 및 제어 환경, 통제 정책을 기반으로 내포된 위험 요소가 있는지 검토해야 함 ◦ 내부 기준 및 절차가 법규와 부합하지 않거나 권고사항을 충족하지 않아 발생할 수 있는 위험 ◦ 시스템, 자산 등의 관리주체가 불분명하여 관리누락이 발생할 위험 ◦ 중요 업무가 수작업으로 수행되어 실수 등이 발생할 위험 ◦ 업무 승인권한이 특정인에게 편중되어 실질적인 검토가 수행되지 않을 위험 등 ◦ 특정 업무가 특정인에 편중되어 인력변동에 따라 업무 영향이 발생할 위험 등"
금융투자협회 IT감사 가이드라인,제2절 IT감사업무 수행단계별 준수사항,Ⅰ. 계획단계(14개 항목),1.13. 감사대상에 대한 중점 감사사항(목표) 설정,13,"[Ⅰ. 계획단계(14개 항목)] 1.13. 감사대상에 대한 중점 감사사항(목표) 설정 □ IT(자체)감사인은 일률적인 체크리스트 기반의 감사를 지양하고, 감사대상의 고유위험 및 제어위험을 고려하여 감사항목을 선정해야 함 ◦ 감사항목과 관련한 주요 업무인력 및 필요한 핵심자료를 식별하여 중점 감사사항에 대한 심층적인 감사를 수행"
금융투자협회 IT감사 가이드라인,제2절 IT감사업무 수행단계별 준수사항,Ⅰ. 계획단계(14개 항목),1.14. 감사계획에 대한 승인,14,"[Ⅰ. 계획단계(14개 항목)] 1.14. 감사계획에 대한 승인 □ 제3자가 IT(자체)감사의 목표, 범위, 접근방식 및 방법론을 이해할 수 있도록 구체적인 감사계획을 문서화하여야 함 ◦ 이때, 해당 감사계획을 수행하기 위하여 조직, 인력, 예산 등의 충원이 반드시 필요하나 경영상의 이유로 불가한 경우 그러한 사실에 대하여경영진 및 이사회의 의사결정을 받아야 함"
금융투자협회 IT감사 가이드라인,제2절 IT감사업무 수행단계별 준수사항,Ⅱ. 실시단계(7개 항목),2.1. 감사대상에 대한 충분하고 적절한 거증자료의 확보,15,"[Ⅱ. 실시단계(7개 항목)] 2.1. 감사대상에 대한 충분하고 적절한 거증자료의 확보 □ IT(자체)감사인은 관련법규와 내규, 전결권자의 의사결정사항 등을 확인하여 피감조직이 감사대상 업무를 적정하게 수행하였는지를 판단하여야 함 ◦ 부적정한 업무수행이 발생한 이유를 확인하고, 해당 업무를 수행한 행위자ㆍ감독자를 구분하여 적의조치 ◦ 내규가 법규에 부합하지 않았거나 잘못된 업무지시 등 문제점이 발생한 근본적인 원인을 확인"
금융투자협회 IT감사 가이드라인,제2절 IT감사업무 수행단계별 준수사항,Ⅱ. 실시단계(7개 항목),2.2. 적정성 판단시 감사대상의 특성을 충분히 고려,16,"[Ⅱ. 실시단계(7개 항목)] 2.2. 적정성 판단시 감사대상의 특성을 충분히 고려 □ IT(자체)감사인은 모든 감사대상에 일률적인 기준을 적용하기보다는 내부 IT환경 등을 고려하여 합리적인 관점에서 감사를 수행하여야 함 ◦ 절차 및 시스템의 설계 목적, 업무적 특성, 사용 빈도 등 고려 ◦ 감사대상이 문제점을 스스로 인지할 수 있는 환경인지에 대한 고려"
금융투자협회 IT감사 가이드라인,제2절 IT감사업무 수행단계별 준수사항,Ⅱ. 실시단계(7개 항목),2.3. 타인이 생산하거나 제공한 정보의 신뢰성 검토,17,"[Ⅱ. 실시단계(7개 항목)] 2.3. 타인이 생산하거나 제공한 정보의 신뢰성 검토 □ IT(자체)감사인은 현업부서 등이 제출한 자료가 적절한 지를 검증하여 거증자료로 사용하여야 함 ◦ 작성주체, 근거 및 권한, 내용, 결재에 관한 사항, 작성 및 발행시기 등 ◦ 관련 자료 간 내용의 상충 여부 ◦ 계획을 명시한 보고서의 경우 실제로 계획이 이행되었는지 ◦ (이행되지 않았다면) 미이행 사실에 대한 적절한 보고 및 보완 통제가 이루어졌는지 ◦ 제보, 질의응답으로 얻은 정보에 대하여 적절한 물적 증거 확보"
금융투자협회 IT감사 가이드라인,제2절 IT감사업무 수행단계별 준수사항,Ⅱ. 실시단계(7개 항목),2.4. 감사기법에 대한 적정성 검토,18,"[Ⅱ. 실시단계(7개 항목)] 2.4. 감사기법에 대한 적정성 검토 □ IT(자체)감사인은 통계적 표본 추출이나 자동화된 감사도구 사용 등의 감사기법을 적정한 방식으로 활용하여야 함 ◦ 모집단 선정, 표본 속성 및 크기 적정성 ◦ 감사도구의 사용방법 및 결과의 적정성"
금융투자협회 IT감사 가이드라인,제2절 IT감사업무 수행단계별 준수사항,Ⅱ. 실시단계(7개 항목),2.5. 감사현장에서 감사목적 대비 과도한 추가자료 요구 지양,19,"[Ⅱ. 실시단계(7개 항목)] 2.5. 감사현장에서 감사목적 대비 과도한 추가자료 요구 지양 □ IT(자체)감사인은 충분한 시간을 두고 사전 징구자료를 요청ㆍ검토하며, 감사현장에서는 확인ㆍ실사 위주로 감사를 수행하여야 함 ◦ 추가자료 요청시에는 중요성에 따라 제출 우선순위를 두며, 요청 및 제출내역을 감사일지에 기록 ◦ 질의응답, 실사내역 등 세부적인 감사활동 수행내역을 감사일지에 기록"
금융투자협회 IT감사 가이드라인,제2절 IT감사업무 수행단계별 준수사항,Ⅱ. 실시단계(7개 항목),2.6. 문제점에 대한 평가 및 문서화,20,"[Ⅱ. 실시단계(7개 항목)] 2.6. 문제점에 대한 평가 및 문서화 □ IT(자체)감사인은 문제점으로 판단한 사항에 대하여 조치의 시급성, 발생 가능한 위험 등을 종합적으로 고려하여 자체적으로 중요성을 평가하여야 함 ◦ 문제점으로 판단한 이유 및 관련 근거를 문서화하여 감사대상에 공유 ◦ 감사기간 중 즉시 보완이 이루어진 문제점에 대해서는 조치방법 및 결과의 적정성을 평가"
금융투자협회 IT감사 가이드라인,제2절 IT감사업무 수행단계별 준수사항,Ⅱ. 실시단계(7개 항목),2.7. 감사과정에서 감사범위에 해당하지 않는 부적정한 정황을 포착한 경우의 대응절차,21,"[Ⅱ. 실시단계(7개 항목)] 2.7. 감사과정에서 감사범위에 해당하지 않는 부적정한 정황을 포착한 경우의 대응절차 □ IT(자체)감사인은 감사과정에서 감사범위, 목적을 벗어나나 부적정한 정황을 포착한 경우 감사기간, 우선순위 등을 고려하여 적절하게 대응하여야 함 ◦ 부적정한 정황에 대한 거증자료 확보 및 감사명령권자에 즉시 보고 ◦ 사안의 중대성에 따라 진행 중인 감사범위를 확대하거나 별도 특별감사계획을 수립하는 등 대응방안 수립"
금융투자협회 IT감사 가이드라인,제2절 IT감사업무 수행단계별 준수사항,Ⅲ. 보고단계(11개 항목),3.1. IT감사결과보고서 작성시 기본사항,22,"[Ⅲ. 보고단계(11개 항목)] 3.1. IT감사결과보고서 작성시 기본사항 □ 감사목적, 대상, 기간, 인원 등 기본적인 개요와 실제 수행한 세부 감사절차 등을 기재하여 향후 감사계획 수립시 참고할 수 있어야 함"
금융투자협회 IT감사 가이드라인,제2절 IT감사업무 수행단계별 준수사항,Ⅲ. 보고단계(11개 항목),3.2. 사전에 수립된 IT감사계획과 실제 수행내역의 비교ㆍ평가,23,"[Ⅲ. 보고단계(11개 항목)] 3.2. 사전에 수립된 IT감사계획과 실제 수행내역의 비교ㆍ평가 □ 불일치 하는 경우 감사명령권자에게 불일치 사유 및 내용을 보고하고, 미이행된 감사계획에 대한 향후 이행방안을 수립하여야 함"
금융투자협회 IT감사 가이드라인,제2절 IT감사업무 수행단계별 준수사항,Ⅲ. 보고단계(11개 항목),3.3. 감사대상에 대한 지난 감사결과와의 비교ㆍ평가,24,"[Ⅲ. 보고단계(11개 항목)] 3.3. 감사대상에 대한 지난 감사결과와의 비교ㆍ평가 □ 감사활동의 일관성, 형평성, 연속성 등을 확보하기 위하여 감사수행내역에 대해 자체평가를 수행하여 지속적으로 감사품질을 강화하여야 함 ◦ 지적사항 개수 등의 단순 비교가 아닌 전반적인 감사활동 적정성(근거, 절차, 감사요원, 기법, 투입공수 등)을 평가 ◦ 필요시 외부 컨설팅, 외부감사 등을 활용하여 품질평가의 객관성을 확보"
금융투자협회 IT감사 가이드라인,제2절 IT감사업무 수행단계별 준수사항,Ⅲ. 보고단계(11개 항목),3.4. 감사과정에서 수집한 거증자료의 보증,25,"[Ⅲ. 보고단계(11개 항목)] 3.4. 감사과정에서 수집한 거증자료의 보증 □ IT(자체)감사인은 문건 및 자료 검토, 인터뷰, 실사 등을 통해 확보한 거증자료의 출처와 신뢰성을 감사결과보고서 작성과정에서 최종적으로 검토하여 거증자료의 목록 및 내용을 감사결과보고서에 첨부하여야 함 ◦ 분량 등으로 원본 첨부가 불가한 경우 주요 내용을 발췌하여 첨부하고, 반드시 거증자료 원본을 별도 보관하여 감사의 객관성 및 신뢰성을 확보하여야 함"
금융투자협회 IT감사 가이드라인,제2절 IT감사업무 수행단계별 준수사항,Ⅲ. 보고단계(11개 항목),3.5. 감사과정에서 사용한 감사기법의 적정성 검토 결과,26,[Ⅲ. 보고단계(11개 항목)] 3.5. 감사과정에서 사용한 감사기법의 적정성 검토 결과 □ 감사과정에서 사용한 감사기법에 대한 적정성 검토방법 및 결과를 감사결과보고서에 기재하여야 함
금융투자협회 IT감사 가이드라인,제2절 IT감사업무 수행단계별 준수사항,Ⅲ. 보고단계(11개 항목),3.6. 감사결과 발견된 문제점의 내용 및 평가,27,"[Ⅲ. 보고단계(11개 항목)] 3.6. 감사결과 발견된 문제점의 내용 및 평가 □ 감사과정에서 발견된 문제점을 금전적 가치, 법규 위반여부, 발생가능한 위험 등을 기준으로 중요도와 조치 시급성 등을 평가한 결과를 감사결과보고서에 기재하여야 함"
금융투자협회 IT감사 가이드라인,제2절 IT감사업무 수행단계별 준수사항,Ⅲ. 보고단계(11개 항목),3.7. 감사결과 발견된 문제점에 대한 시정조치 권고사항 및 조치기한,28,"[Ⅲ. 보고단계(11개 항목)] 3.7. 감사결과 발견된 문제점에 대한 시정조치 권고사항 및 조치기한 □ IT(자체)감사인은 지적사항에 대한 조치방안 및 문제점에 대한 평가결과를 기반으로 적정한 조치기한을 제시하여야 함 ◦ 조치방법 및 기한이 확정되는 경우 감사결과보고시 함께 보고하며, 감사대상의 검토가 필요한 경우 조치방안은 감사대상이 별도 보고 ◦ 법규위반 등 중대한 문제점의 경우 즉시 조치하는 등 조치방안 차등화 ◦ IT(자체)감사인은 조치사항 이행여부를 추적관리하여 완료 여부 최종 확인 ◦ 문제점 발생시점 등에 따라 행위자와 현재 개선조치를 수행해야할 자가 상이한 경우 대상자를 명확하게 특정"
금융투자협회 IT감사 가이드라인,제2절 IT감사업무 수행단계별 준수사항,Ⅲ. 보고단계(11개 항목),3.8. 기밀 또는 민감한 사항에 대한 공개범위 설정,29,"[Ⅲ. 보고단계(11개 항목)] 3.8. 기밀 또는 민감한 사항에 대한 공개범위 설정 □ 감사결과를 공개할 필요가 있는 경우, 자체 기준에 의거하여 공개범위 설정 ◦ 단, 감독당국이 감독ㆍ검사업무 관련하여 감사내역 일체를 요청하는 경우는 원칙적으로 모든 내용 제출(공개)"
금융투자협회 IT감사 가이드라인,제2절 IT감사업무 수행단계별 준수사항,Ⅲ. 보고단계(11개 항목),3.9. 보고대상 및 기한 준수,30,"[Ⅲ. 보고단계(11개 항목)] 3.9. 보고대상 및 기한 준수 □ IT(자체)감사인은 감사명령권자에게 직접 독립적으로 보고하며, 감사종료시점으로 과도하게 지연하여 결과를 보고하지 않도록 유의해야 함 ◦ 보고사실을 증빙할 수 있도록 서면보고 원칙 ◦ 이사회 등 일정에 맞추기 어려운 경우, 별도로 서면 보고 ◦ 보고완료 후 최종 감사결과 및 조치사항 등을 감사대상에 통보"
금융투자협회 IT감사 가이드라인,제2절 IT감사업무 수행단계별 준수사항,Ⅲ. 보고단계(11개 항목),3.10. 감사결과의 환류,31,"[Ⅲ. 보고단계(11개 항목)] 3.10. 감사결과의 환류 □ 감사결과는 향후 감사계획, 리스크평가 등에 적정하게 반영되어야 함"
